scenario,distribution,sample_size,data_type,id,replicate,obs_type,error
early outbreak,long,10,outbreak,1,1,,Assertion on 'stan_file' failed: File does not exist: '/home/seabbs/Dropbox/academic/projects/dynamicaltruncation/data/models/dynamical_and_censoring_adjusted_real_time_incidence.stan'.
early outbreak,medium,10,outbreak,2,1,,Assertion on 'stan_file' failed: File does not exist: '/home/seabbs/Dropbox/academic/projects/dynamicaltruncation/data/models/dynamical_and_censoring_adjusted_real_time_incidence.stan'.
early outbreak,short,10,outbreak,3,1,,Assertion on 'stan_file' failed: File does not exist: '/home/seabbs/Dropbox/academic/projects/dynamicaltruncation/data/models/dynamical_and_censoring_adjusted_real_time_incidence.stan'.
late outbreak,long,10,outbreak,4,1,,Assertion on 'stan_file' failed: File does not exist: '/home/seabbs/Dropbox/academic/projects/dynamicaltruncation/data/models/dynamical_and_censoring_adjusted_real_time_incidence.stan'.
late outbreak,medium,10,outbreak,5,1,,Assertion on 'stan_file' failed: File does not exist: '/home/seabbs/Dropbox/academic/projects/dynamicaltruncation/data/models/dynamical_and_censoring_adjusted_real_time_incidence.stan'.
late outbreak,short,10,outbreak,6,1,,Assertion on 'stan_file' failed: File does not exist: '/home/seabbs/Dropbox/academic/projects/dynamicaltruncation/data/models/dynamical_and_censoring_adjusted_real_time_incidence.stan'.
near peak,long,10,outbreak,7,1,,Assertion on 'stan_file' failed: File does not exist: '/home/seabbs/Dropbox/academic/projects/dynamicaltruncation/data/models/dynamical_and_censoring_adjusted_real_time_incidence.stan'.
near peak,medium,10,outbreak,8,1,,Assertion on 'stan_file' failed: File does not exist: '/home/seabbs/Dropbox/academic/projects/dynamicaltruncation/data/models/dynamical_and_censoring_adjusted_real_time_incidence.stan'.
near peak,short,10,outbreak,9,1,,Assertion on 'stan_file' failed: File does not exist: '/home/seabbs/Dropbox/academic/projects/dynamicaltruncation/data/models/dynamical_and_censoring_adjusted_real_time_incidence.stan'.
past peak,long,10,outbreak,10,1,,Assertion on 'stan_file' failed: File does not exist: '/home/seabbs/Dropbox/academic/projects/dynamicaltruncation/data/models/dynamical_and_censoring_adjusted_real_time_incidence.stan'.
past peak,medium,10,outbreak,11,1,,Assertion on 'stan_file' failed: File does not exist: '/home/seabbs/Dropbox/academic/projects/dynamicaltruncation/data/models/dynamical_and_censoring_adjusted_real_time_incidence.stan'.
past peak,short,10,outbreak,12,1,,Assertion on 'stan_file' failed: File does not exist: '/home/seabbs/Dropbox/academic/projects/dynamicaltruncation/data/models/dynamical_and_censoring_adjusted_real_time_incidence.stan'.
early outbreak,long,100,outbreak,13,1,,Assertion on 'stan_file' failed: File does not exist: '/home/seabbs/Dropbox/academic/projects/dynamicaltruncation/data/models/dynamical_and_censoring_adjusted_real_time_incidence.stan'.
early outbreak,medium,100,outbreak,14,1,,Assertion on 'stan_file' failed: File does not exist: '/home/seabbs/Dropbox/academic/projects/dynamicaltruncation/data/models/dynamical_and_censoring_adjusted_real_time_incidence.stan'.
early outbreak,short,100,outbreak,15,1,,Assertion on 'stan_file' failed: File does not exist: '/home/seabbs/Dropbox/academic/projects/dynamicaltruncation/data/models/dynamical_and_censoring_adjusted_real_time_incidence.stan'.
late outbreak,long,100,outbreak,16,1,,Assertion on 'stan_file' failed: File does not exist: '/home/seabbs/Dropbox/academic/projects/dynamicaltruncation/data/models/dynamical_and_censoring_adjusted_real_time_incidence.stan'.
late outbreak,medium,100,outbreak,17,1,,Assertion on 'stan_file' failed: File does not exist: '/home/seabbs/Dropbox/academic/projects/dynamicaltruncation/data/models/dynamical_and_censoring_adjusted_real_time_incidence.stan'.
late outbreak,short,100,outbreak,18,1,,Assertion on 'stan_file' failed: File does not exist: '/home/seabbs/Dropbox/academic/projects/dynamicaltruncation/data/models/dynamical_and_censoring_adjusted_real_time_incidence.stan'.
near peak,long,100,outbreak,19,1,,Assertion on 'stan_file' failed: File does not exist: '/home/seabbs/Dropbox/academic/projects/dynamicaltruncation/data/models/dynamical_and_censoring_adjusted_real_time_incidence.stan'.
near peak,medium,100,outbreak,20,1,,Assertion on 'stan_file' failed: File does not exist: '/home/seabbs/Dropbox/academic/projects/dynamicaltruncation/data/models/dynamical_and_censoring_adjusted_real_time_incidence.stan'.
near peak,short,100,outbreak,21,1,,Assertion on 'stan_file' failed: File does not exist: '/home/seabbs/Dropbox/academic/projects/dynamicaltruncation/data/models/dynamical_and_censoring_adjusted_real_time_incidence.stan'.
past peak,long,100,outbreak,22,1,,Assertion on 'stan_file' failed: File does not exist: '/home/seabbs/Dropbox/academic/projects/dynamicaltruncation/data/models/dynamical_and_censoring_adjusted_real_time_incidence.stan'.
past peak,medium,100,outbreak,23,1,,Assertion on 'stan_file' failed: File does not exist: '/home/seabbs/Dropbox/academic/projects/dynamicaltruncation/data/models/dynamical_and_censoring_adjusted_real_time_incidence.stan'.
past peak,short,100,outbreak,24,1,,Assertion on 'stan_file' failed: File does not exist: '/home/seabbs/Dropbox/academic/projects/dynamicaltruncation/data/models/dynamical_and_censoring_adjusted_real_time_incidence.stan'.
early outbreak,long,200,outbreak,25,1,,Assertion on 'stan_file' failed: File does not exist: '/home/seabbs/Dropbox/academic/projects/dynamicaltruncation/data/models/dynamical_and_censoring_adjusted_real_time_incidence.stan'.
early outbreak,medium,200,outbreak,26,1,,Assertion on 'stan_file' failed: File does not exist: '/home/seabbs/Dropbox/academic/projects/dynamicaltruncation/data/models/dynamical_and_censoring_adjusted_real_time_incidence.stan'.
early outbreak,short,200,outbreak,27,1,,Assertion on 'stan_file' failed: File does not exist: '/home/seabbs/Dropbox/academic/projects/dynamicaltruncation/data/models/dynamical_and_censoring_adjusted_real_time_incidence.stan'.
late outbreak,long,200,outbreak,28,1,,Assertion on 'stan_file' failed: File does not exist: '/home/seabbs/Dropbox/academic/projects/dynamicaltruncation/data/models/dynamical_and_censoring_adjusted_real_time_incidence.stan'.
late outbreak,medium,200,outbreak,29,1,,Assertion on 'stan_file' failed: File does not exist: '/home/seabbs/Dropbox/academic/projects/dynamicaltruncation/data/models/dynamical_and_censoring_adjusted_real_time_incidence.stan'.
late outbreak,short,200,outbreak,30,1,,Assertion on 'stan_file' failed: File does not exist: '/home/seabbs/Dropbox/academic/projects/dynamicaltruncation/data/models/dynamical_and_censoring_adjusted_real_time_incidence.stan'.
near peak,long,200,outbreak,31,1,,Assertion on 'stan_file' failed: File does not exist: '/home/seabbs/Dropbox/academic/projects/dynamicaltruncation/data/models/dynamical_and_censoring_adjusted_real_time_incidence.stan'.
near peak,medium,200,outbreak,32,1,,Assertion on 'stan_file' failed: File does not exist: '/home/seabbs/Dropbox/academic/projects/dynamicaltruncation/data/models/dynamical_and_censoring_adjusted_real_time_incidence.stan'.
near peak,short,200,outbreak,33,1,,Assertion on 'stan_file' failed: File does not exist: '/home/seabbs/Dropbox/academic/projects/dynamicaltruncation/data/models/dynamical_and_censoring_adjusted_real_time_incidence.stan'.
past peak,long,200,outbreak,34,1,,Assertion on 'stan_file' failed: File does not exist: '/home/seabbs/Dropbox/academic/projects/dynamicaltruncation/data/models/dynamical_and_censoring_adjusted_real_time_incidence.stan'.
past peak,medium,200,outbreak,35,1,,Assertion on 'stan_file' failed: File does not exist: '/home/seabbs/Dropbox/academic/projects/dynamicaltruncation/data/models/dynamical_and_censoring_adjusted_real_time_incidence.stan'.
past peak,short,200,outbreak,36,1,,Assertion on 'stan_file' failed: File does not exist: '/home/seabbs/Dropbox/academic/projects/dynamicaltruncation/data/models/dynamical_and_censoring_adjusted_real_time_incidence.stan'.
early outbreak,long,400,outbreak,37,1,,Assertion on 'stan_file' failed: File does not exist: '/home/seabbs/Dropbox/academic/projects/dynamicaltruncation/data/models/dynamical_and_censoring_adjusted_real_time_incidence.stan'.
early outbreak,medium,400,outbreak,38,1,,Assertion on 'stan_file' failed: File does not exist: '/home/seabbs/Dropbox/academic/projects/dynamicaltruncation/data/models/dynamical_and_censoring_adjusted_real_time_incidence.stan'.
early outbreak,short,400,outbreak,39,1,,Assertion on 'stan_file' failed: File does not exist: '/home/seabbs/Dropbox/academic/projects/dynamicaltruncation/data/models/dynamical_and_censoring_adjusted_real_time_incidence.stan'.
late outbreak,long,400,outbreak,40,1,,Assertion on 'stan_file' failed: File does not exist: '/home/seabbs/Dropbox/academic/projects/dynamicaltruncation/data/models/dynamical_and_censoring_adjusted_real_time_incidence.stan'.
late outbreak,medium,400,outbreak,41,1,,Assertion on 'stan_file' failed: File does not exist: '/home/seabbs/Dropbox/academic/projects/dynamicaltruncation/data/models/dynamical_and_censoring_adjusted_real_time_incidence.stan'.
late outbreak,short,400,outbreak,42,1,,Assertion on 'stan_file' failed: File does not exist: '/home/seabbs/Dropbox/academic/projects/dynamicaltruncation/data/models/dynamical_and_censoring_adjusted_real_time_incidence.stan'.
near peak,long,400,outbreak,43,1,,Assertion on 'stan_file' failed: File does not exist: '/home/seabbs/Dropbox/academic/projects/dynamicaltruncation/data/models/dynamical_and_censoring_adjusted_real_time_incidence.stan'.
near peak,medium,400,outbreak,44,1,,Assertion on 'stan_file' failed: File does not exist: '/home/seabbs/Dropbox/academic/projects/dynamicaltruncation/data/models/dynamical_and_censoring_adjusted_real_time_incidence.stan'.
near peak,short,400,outbreak,45,1,,Assertion on 'stan_file' failed: File does not exist: '/home/seabbs/Dropbox/academic/projects/dynamicaltruncation/data/models/dynamical_and_censoring_adjusted_real_time_incidence.stan'.
past peak,long,400,outbreak,46,1,,Assertion on 'stan_file' failed: File does not exist: '/home/seabbs/Dropbox/academic/projects/dynamicaltruncation/data/models/dynamical_and_censoring_adjusted_real_time_incidence.stan'.
past peak,medium,400,outbreak,47,1,,Assertion on 'stan_file' failed: File does not exist: '/home/seabbs/Dropbox/academic/projects/dynamicaltruncation/data/models/dynamical_and_censoring_adjusted_real_time_incidence.stan'.
past peak,short,400,outbreak,48,1,,Assertion on 'stan_file' failed: File does not exist: '/home/seabbs/Dropbox/academic/projects/dynamicaltruncation/data/models/dynamical_and_censoring_adjusted_real_time_incidence.stan'.
decay,long,200,exponential,49,1,,Assertion on 'stan_file' failed: File does not exist: '/home/seabbs/Dropbox/academic/projects/dynamicaltruncation/data/models/dynamical_and_censoring_adjusted_real_time_incidence.stan'.
decay,long,200,exponential,50,2,,Assertion on 'stan_file' failed: File does not exist: '/home/seabbs/Dropbox/academic/projects/dynamicaltruncation/data/models/dynamical_and_censoring_adjusted_real_time_incidence.stan'.
decay,long,200,exponential,51,3,,Assertion on 'stan_file' failed: File does not exist: '/home/seabbs/Dropbox/academic/projects/dynamicaltruncation/data/models/dynamical_and_censoring_adjusted_real_time_incidence.stan'.
decay,long,200,exponential,52,4,,Assertion on 'stan_file' failed: File does not exist: '/home/seabbs/Dropbox/academic/projects/dynamicaltruncation/data/models/dynamical_and_censoring_adjusted_real_time_incidence.stan'.
decay,long,200,exponential,53,5,,Assertion on 'stan_file' failed: File does not exist: '/home/seabbs/Dropbox/academic/projects/dynamicaltruncation/data/models/dynamical_and_censoring_adjusted_real_time_incidence.stan'.
decay,long,200,exponential,54,6,,Assertion on 'stan_file' failed: File does not exist: '/home/seabbs/Dropbox/academic/projects/dynamicaltruncation/data/models/dynamical_and_censoring_adjusted_real_time_incidence.stan'.
decay,long,200,exponential,55,7,,Assertion on 'stan_file' failed: File does not exist: '/home/seabbs/Dropbox/academic/projects/dynamicaltruncation/data/models/dynamical_and_censoring_adjusted_real_time_incidence.stan'.
decay,long,200,exponential,56,8,,Assertion on 'stan_file' failed: File does not exist: '/home/seabbs/Dropbox/academic/projects/dynamicaltruncation/data/models/dynamical_and_censoring_adjusted_real_time_incidence.stan'.
decay,long,200,exponential,57,9,,Assertion on 'stan_file' failed: File does not exist: '/home/seabbs/Dropbox/academic/projects/dynamicaltruncation/data/models/dynamical_and_censoring_adjusted_real_time_incidence.stan'.
decay,long,200,exponential,58,10,,Assertion on 'stan_file' failed: File does not exist: '/home/seabbs/Dropbox/academic/projects/dynamicaltruncation/data/models/dynamical_and_censoring_adjusted_real_time_incidence.stan'.
decay,long,200,exponential,59,11,,Assertion on 'stan_file' failed: File does not exist: '/home/seabbs/Dropbox/academic/projects/dynamicaltruncation/data/models/dynamical_and_censoring_adjusted_real_time_incidence.stan'.
decay,long,200,exponential,60,12,,Assertion on 'stan_file' failed: File does not exist: '/home/seabbs/Dropbox/academic/projects/dynamicaltruncation/data/models/dynamical_and_censoring_adjusted_real_time_incidence.stan'.
decay,long,200,exponential,61,13,,Assertion on 'stan_file' failed: File does not exist: '/home/seabbs/Dropbox/academic/projects/dynamicaltruncation/data/models/dynamical_and_censoring_adjusted_real_time_incidence.stan'.
decay,long,200,exponential,62,14,,Assertion on 'stan_file' failed: File does not exist: '/home/seabbs/Dropbox/academic/projects/dynamicaltruncation/data/models/dynamical_and_censoring_adjusted_real_time_incidence.stan'.
decay,long,200,exponential,63,15,,Assertion on 'stan_file' failed: File does not exist: '/home/seabbs/Dropbox/academic/projects/dynamicaltruncation/data/models/dynamical_and_censoring_adjusted_real_time_incidence.stan'.
decay,long,200,exponential,64,16,,Assertion on 'stan_file' failed: File does not exist: '/home/seabbs/Dropbox/academic/projects/dynamicaltruncation/data/models/dynamical_and_censoring_adjusted_real_time_incidence.stan'.
decay,long,200,exponential,65,17,,Assertion on 'stan_file' failed: File does not exist: '/home/seabbs/Dropbox/academic/projects/dynamicaltruncation/data/models/dynamical_and_censoring_adjusted_real_time_incidence.stan'.
decay,long,200,exponential,66,18,,Assertion on 'stan_file' failed: File does not exist: '/home/seabbs/Dropbox/academic/projects/dynamicaltruncation/data/models/dynamical_and_censoring_adjusted_real_time_incidence.stan'.
decay,long,200,exponential,67,19,,Assertion on 'stan_file' failed: File does not exist: '/home/seabbs/Dropbox/academic/projects/dynamicaltruncation/data/models/dynamical_and_censoring_adjusted_real_time_incidence.stan'.
decay,long,200,exponential,68,20,,Assertion on 'stan_file' failed: File does not exist: '/home/seabbs/Dropbox/academic/projects/dynamicaltruncation/data/models/dynamical_and_censoring_adjusted_real_time_incidence.stan'.
decay,medium,200,exponential,69,1,,Assertion on 'stan_file' failed: File does not exist: '/home/seabbs/Dropbox/academic/projects/dynamicaltruncation/data/models/dynamical_and_censoring_adjusted_real_time_incidence.stan'.
decay,medium,200,exponential,70,2,,Assertion on 'stan_file' failed: File does not exist: '/home/seabbs/Dropbox/academic/projects/dynamicaltruncation/data/models/dynamical_and_censoring_adjusted_real_time_incidence.stan'.
decay,medium,200,exponential,71,3,,Assertion on 'stan_file' failed: File does not exist: '/home/seabbs/Dropbox/academic/projects/dynamicaltruncation/data/models/dynamical_and_censoring_adjusted_real_time_incidence.stan'.
decay,medium,200,exponential,72,4,,Assertion on 'stan_file' failed: File does not exist: '/home/seabbs/Dropbox/academic/projects/dynamicaltruncation/data/models/dynamical_and_censoring_adjusted_real_time_incidence.stan'.
decay,medium,200,exponential,73,5,,Assertion on 'stan_file' failed: File does not exist: '/home/seabbs/Dropbox/academic/projects/dynamicaltruncation/data/models/dynamical_and_censoring_adjusted_real_time_incidence.stan'.
decay,medium,200,exponential,74,6,,Assertion on 'stan_file' failed: File does not exist: '/home/seabbs/Dropbox/academic/projects/dynamicaltruncation/data/models/dynamical_and_censoring_adjusted_real_time_incidence.stan'.
decay,medium,200,exponential,75,7,,Assertion on 'stan_file' failed: File does not exist: '/home/seabbs/Dropbox/academic/projects/dynamicaltruncation/data/models/dynamical_and_censoring_adjusted_real_time_incidence.stan'.
decay,medium,200,exponential,76,8,,Assertion on 'stan_file' failed: File does not exist: '/home/seabbs/Dropbox/academic/projects/dynamicaltruncation/data/models/dynamical_and_censoring_adjusted_real_time_incidence.stan'.
decay,medium,200,exponential,77,9,,Assertion on 'stan_file' failed: File does not exist: '/home/seabbs/Dropbox/academic/projects/dynamicaltruncation/data/models/dynamical_and_censoring_adjusted_real_time_incidence.stan'.
decay,medium,200,exponential,78,10,,Assertion on 'stan_file' failed: File does not exist: '/home/seabbs/Dropbox/academic/projects/dynamicaltruncation/data/models/dynamical_and_censoring_adjusted_real_time_incidence.stan'.
decay,medium,200,exponential,79,11,,Assertion on 'stan_file' failed: File does not exist: '/home/seabbs/Dropbox/academic/projects/dynamicaltruncation/data/models/dynamical_and_censoring_adjusted_real_time_incidence.stan'.
decay,medium,200,exponential,80,12,,Assertion on 'stan_file' failed: File does not exist: '/home/seabbs/Dropbox/academic/projects/dynamicaltruncation/data/models/dynamical_and_censoring_adjusted_real_time_incidence.stan'.
decay,medium,200,exponential,81,13,,Assertion on 'stan_file' failed: File does not exist: '/home/seabbs/Dropbox/academic/projects/dynamicaltruncation/data/models/dynamical_and_censoring_adjusted_real_time_incidence.stan'.
decay,medium,200,exponential,82,14,,Assertion on 'stan_file' failed: File does not exist: '/home/seabbs/Dropbox/academic/projects/dynamicaltruncation/data/models/dynamical_and_censoring_adjusted_real_time_incidence.stan'.
decay,medium,200,exponential,83,15,,Assertion on 'stan_file' failed: File does not exist: '/home/seabbs/Dropbox/academic/projects/dynamicaltruncation/data/models/dynamical_and_censoring_adjusted_real_time_incidence.stan'.
decay,medium,200,exponential,84,16,,Assertion on 'stan_file' failed: File does not exist: '/home/seabbs/Dropbox/academic/projects/dynamicaltruncation/data/models/dynamical_and_censoring_adjusted_real_time_incidence.stan'.
decay,medium,200,exponential,85,17,,Assertion on 'stan_file' failed: File does not exist: '/home/seabbs/Dropbox/academic/projects/dynamicaltruncation/data/models/dynamical_and_censoring_adjusted_real_time_incidence.stan'.
decay,medium,200,exponential,86,18,,Assertion on 'stan_file' failed: File does not exist: '/home/seabbs/Dropbox/academic/projects/dynamicaltruncation/data/models/dynamical_and_censoring_adjusted_real_time_incidence.stan'.
decay,medium,200,exponential,87,19,,Assertion on 'stan_file' failed: File does not exist: '/home/seabbs/Dropbox/academic/projects/dynamicaltruncation/data/models/dynamical_and_censoring_adjusted_real_time_incidence.stan'.
decay,medium,200,exponential,88,20,,Assertion on 'stan_file' failed: File does not exist: '/home/seabbs/Dropbox/academic/projects/dynamicaltruncation/data/models/dynamical_and_censoring_adjusted_real_time_incidence.stan'.
decay,short,200,exponential,89,1,,Assertion on 'stan_file' failed: File does not exist: '/home/seabbs/Dropbox/academic/projects/dynamicaltruncation/data/models/dynamical_and_censoring_adjusted_real_time_incidence.stan'.
decay,short,200,exponential,90,2,,Assertion on 'stan_file' failed: File does not exist: '/home/seabbs/Dropbox/academic/projects/dynamicaltruncation/data/models/dynamical_and_censoring_adjusted_real_time_incidence.stan'.
decay,short,200,exponential,91,3,,Assertion on 'stan_file' failed: File does not exist: '/home/seabbs/Dropbox/academic/projects/dynamicaltruncation/data/models/dynamical_and_censoring_adjusted_real_time_incidence.stan'.
decay,short,200,exponential,92,4,,Assertion on 'stan_file' failed: File does not exist: '/home/seabbs/Dropbox/academic/projects/dynamicaltruncation/data/models/dynamical_and_censoring_adjusted_real_time_incidence.stan'.
decay,short,200,exponential,93,5,,Assertion on 'stan_file' failed: File does not exist: '/home/seabbs/Dropbox/academic/projects/dynamicaltruncation/data/models/dynamical_and_censoring_adjusted_real_time_incidence.stan'.
decay,short,200,exponential,94,6,,Assertion on 'stan_file' failed: File does not exist: '/home/seabbs/Dropbox/academic/projects/dynamicaltruncation/data/models/dynamical_and_censoring_adjusted_real_time_incidence.stan'.
decay,short,200,exponential,95,7,,Assertion on 'stan_file' failed: File does not exist: '/home/seabbs/Dropbox/academic/projects/dynamicaltruncation/data/models/dynamical_and_censoring_adjusted_real_time_incidence.stan'.
decay,short,200,exponential,96,8,,Assertion on 'stan_file' failed: File does not exist: '/home/seabbs/Dropbox/academic/projects/dynamicaltruncation/data/models/dynamical_and_censoring_adjusted_real_time_incidence.stan'.
decay,short,200,exponential,97,9,,Assertion on 'stan_file' failed: File does not exist: '/home/seabbs/Dropbox/academic/projects/dynamicaltruncation/data/models/dynamical_and_censoring_adjusted_real_time_incidence.stan'.
decay,short,200,exponential,98,10,,Assertion on 'stan_file' failed: File does not exist: '/home/seabbs/Dropbox/academic/projects/dynamicaltruncation/data/models/dynamical_and_censoring_adjusted_real_time_incidence.stan'.
decay,short,200,exponential,99,11,,Assertion on 'stan_file' failed: File does not exist: '/home/seabbs/Dropbox/academic/projects/dynamicaltruncation/data/models/dynamical_and_censoring_adjusted_real_time_incidence.stan'.
decay,short,200,exponential,100,12,,Assertion on 'stan_file' failed: File does not exist: '/home/seabbs/Dropbox/academic/projects/dynamicaltruncation/data/models/dynamical_and_censoring_adjusted_real_time_incidence.stan'.
decay,short,200,exponential,101,13,,Assertion on 'stan_file' failed: File does not exist: '/home/seabbs/Dropbox/academic/projects/dynamicaltruncation/data/models/dynamical_and_censoring_adjusted_real_time_incidence.stan'.
decay,short,200,exponential,102,14,,Assertion on 'stan_file' failed: File does not exist: '/home/seabbs/Dropbox/academic/projects/dynamicaltruncation/data/models/dynamical_and_censoring_adjusted_real_time_incidence.stan'.
decay,short,200,exponential,103,15,,Assertion on 'stan_file' failed: File does not exist: '/home/seabbs/Dropbox/academic/projects/dynamicaltruncation/data/models/dynamical_and_censoring_adjusted_real_time_incidence.stan'.
decay,short,200,exponential,104,16,,Assertion on 'stan_file' failed: File does not exist: '/home/seabbs/Dropbox/academic/projects/dynamicaltruncation/data/models/dynamical_and_censoring_adjusted_real_time_incidence.stan'.
decay,short,200,exponential,105,17,,Assertion on 'stan_file' failed: File does not exist: '/home/seabbs/Dropbox/academic/projects/dynamicaltruncation/data/models/dynamical_and_censoring_adjusted_real_time_incidence.stan'.
decay,short,200,exponential,106,18,,Assertion on 'stan_file' failed: File does not exist: '/home/seabbs/Dropbox/academic/projects/dynamicaltruncation/data/models/dynamical_and_censoring_adjusted_real_time_incidence.stan'.
decay,short,200,exponential,107,19,,Assertion on 'stan_file' failed: File does not exist: '/home/seabbs/Dropbox/academic/projects/dynamicaltruncation/data/models/dynamical_and_censoring_adjusted_real_time_incidence.stan'.
decay,short,200,exponential,108,20,,Assertion on 'stan_file' failed: File does not exist: '/home/seabbs/Dropbox/academic/projects/dynamicaltruncation/data/models/dynamical_and_censoring_adjusted_real_time_incidence.stan'.
fast decay,long,200,exponential,109,1,,Assertion on 'stan_file' failed: File does not exist: '/home/seabbs/Dropbox/academic/projects/dynamicaltruncation/data/models/dynamical_and_censoring_adjusted_real_time_incidence.stan'.
fast decay,long,200,exponential,110,2,,Assertion on 'stan_file' failed: File does not exist: '/home/seabbs/Dropbox/academic/projects/dynamicaltruncation/data/models/dynamical_and_censoring_adjusted_real_time_incidence.stan'.
fast decay,long,200,exponential,111,3,,Assertion on 'stan_file' failed: File does not exist: '/home/seabbs/Dropbox/academic/projects/dynamicaltruncation/data/models/dynamical_and_censoring_adjusted_real_time_incidence.stan'.
fast decay,long,200,exponential,112,4,,Assertion on 'stan_file' failed: File does not exist: '/home/seabbs/Dropbox/academic/projects/dynamicaltruncation/data/models/dynamical_and_censoring_adjusted_real_time_incidence.stan'.
fast decay,long,200,exponential,113,5,,Assertion on 'stan_file' failed: File does not exist: '/home/seabbs/Dropbox/academic/projects/dynamicaltruncation/data/models/dynamical_and_censoring_adjusted_real_time_incidence.stan'.
fast decay,long,200,exponential,114,6,,Assertion on 'stan_file' failed: File does not exist: '/home/seabbs/Dropbox/academic/projects/dynamicaltruncation/data/models/dynamical_and_censoring_adjusted_real_time_incidence.stan'.
fast decay,long,200,exponential,115,7,,Assertion on 'stan_file' failed: File does not exist: '/home/seabbs/Dropbox/academic/projects/dynamicaltruncation/data/models/dynamical_and_censoring_adjusted_real_time_incidence.stan'.
fast decay,long,200,exponential,116,8,,Assertion on 'stan_file' failed: File does not exist: '/home/seabbs/Dropbox/academic/projects/dynamicaltruncation/data/models/dynamical_and_censoring_adjusted_real_time_incidence.stan'.
fast decay,long,200,exponential,117,9,,Assertion on 'stan_file' failed: File does not exist: '/home/seabbs/Dropbox/academic/projects/dynamicaltruncation/data/models/dynamical_and_censoring_adjusted_real_time_incidence.stan'.
fast decay,long,200,exponential,118,10,,Assertion on 'stan_file' failed: File does not exist: '/home/seabbs/Dropbox/academic/projects/dynamicaltruncation/data/models/dynamical_and_censoring_adjusted_real_time_incidence.stan'.
fast decay,long,200,exponential,119,11,,Assertion on 'stan_file' failed: File does not exist: '/home/seabbs/Dropbox/academic/projects/dynamicaltruncation/data/models/dynamical_and_censoring_adjusted_real_time_incidence.stan'.
fast decay,long,200,exponential,120,12,,Assertion on 'stan_file' failed: File does not exist: '/home/seabbs/Dropbox/academic/projects/dynamicaltruncation/data/models/dynamical_and_censoring_adjusted_real_time_incidence.stan'.
fast decay,long,200,exponential,121,13,,Assertion on 'stan_file' failed: File does not exist: '/home/seabbs/Dropbox/academic/projects/dynamicaltruncation/data/models/dynamical_and_censoring_adjusted_real_time_incidence.stan'.
fast decay,long,200,exponential,122,14,,Assertion on 'stan_file' failed: File does not exist: '/home/seabbs/Dropbox/academic/projects/dynamicaltruncation/data/models/dynamical_and_censoring_adjusted_real_time_incidence.stan'.
fast decay,long,200,exponential,123,15,,Assertion on 'stan_file' failed: File does not exist: '/home/seabbs/Dropbox/academic/projects/dynamicaltruncation/data/models/dynamical_and_censoring_adjusted_real_time_incidence.stan'.
fast decay,long,200,exponential,124,16,,Assertion on 'stan_file' failed: File does not exist: '/home/seabbs/Dropbox/academic/projects/dynamicaltruncation/data/models/dynamical_and_censoring_adjusted_real_time_incidence.stan'.
fast decay,long,200,exponential,125,17,,Assertion on 'stan_file' failed: File does not exist: '/home/seabbs/Dropbox/academic/projects/dynamicaltruncation/data/models/dynamical_and_censoring_adjusted_real_time_incidence.stan'.
fast decay,long,200,exponential,126,18,,Assertion on 'stan_file' failed: File does not exist: '/home/seabbs/Dropbox/academic/projects/dynamicaltruncation/data/models/dynamical_and_censoring_adjusted_real_time_incidence.stan'.
fast decay,long,200,exponential,127,19,,Assertion on 'stan_file' failed: File does not exist: '/home/seabbs/Dropbox/academic/projects/dynamicaltruncation/data/models/dynamical_and_censoring_adjusted_real_time_incidence.stan'.
fast decay,long,200,exponential,128,20,,Assertion on 'stan_file' failed: File does not exist: '/home/seabbs/Dropbox/academic/projects/dynamicaltruncation/data/models/dynamical_and_censoring_adjusted_real_time_incidence.stan'.
fast decay,medium,200,exponential,129,1,,Assertion on 'stan_file' failed: File does not exist: '/home/seabbs/Dropbox/academic/projects/dynamicaltruncation/data/models/dynamical_and_censoring_adjusted_real_time_incidence.stan'.
fast decay,medium,200,exponential,130,2,,Assertion on 'stan_file' failed: File does not exist: '/home/seabbs/Dropbox/academic/projects/dynamicaltruncation/data/models/dynamical_and_censoring_adjusted_real_time_incidence.stan'.
fast decay,medium,200,exponential,131,3,,Assertion on 'stan_file' failed: File does not exist: '/home/seabbs/Dropbox/academic/projects/dynamicaltruncation/data/models/dynamical_and_censoring_adjusted_real_time_incidence.stan'.
fast decay,medium,200,exponential,132,4,,Assertion on 'stan_file' failed: File does not exist: '/home/seabbs/Dropbox/academic/projects/dynamicaltruncation/data/models/dynamical_and_censoring_adjusted_real_time_incidence.stan'.
fast decay,medium,200,exponential,133,5,,Assertion on 'stan_file' failed: File does not exist: '/home/seabbs/Dropbox/academic/projects/dynamicaltruncation/data/models/dynamical_and_censoring_adjusted_real_time_incidence.stan'.
fast decay,medium,200,exponential,134,6,,Assertion on 'stan_file' failed: File does not exist: '/home/seabbs/Dropbox/academic/projects/dynamicaltruncation/data/models/dynamical_and_censoring_adjusted_real_time_incidence.stan'.
fast decay,medium,200,exponential,135,7,,Assertion on 'stan_file' failed: File does not exist: '/home/seabbs/Dropbox/academic/projects/dynamicaltruncation/data/models/dynamical_and_censoring_adjusted_real_time_incidence.stan'.
fast decay,medium,200,exponential,136,8,,Assertion on 'stan_file' failed: File does not exist: '/home/seabbs/Dropbox/academic/projects/dynamicaltruncation/data/models/dynamical_and_censoring_adjusted_real_time_incidence.stan'.
fast decay,medium,200,exponential,137,9,,Assertion on 'stan_file' failed: File does not exist: '/home/seabbs/Dropbox/academic/projects/dynamicaltruncation/data/models/dynamical_and_censoring_adjusted_real_time_incidence.stan'.
fast decay,medium,200,exponential,138,10,,Assertion on 'stan_file' failed: File does not exist: '/home/seabbs/Dropbox/academic/projects/dynamicaltruncation/data/models/dynamical_and_censoring_adjusted_real_time_incidence.stan'.
fast decay,medium,200,exponential,139,11,,Assertion on 'stan_file' failed: File does not exist: '/home/seabbs/Dropbox/academic/projects/dynamicaltruncation/data/models/dynamical_and_censoring_adjusted_real_time_incidence.stan'.
fast decay,medium,200,exponential,140,12,,Assertion on 'stan_file' failed: File does not exist: '/home/seabbs/Dropbox/academic/projects/dynamicaltruncation/data/models/dynamical_and_censoring_adjusted_real_time_incidence.stan'.
fast decay,medium,200,exponential,141,13,,Assertion on 'stan_file' failed: File does not exist: '/home/seabbs/Dropbox/academic/projects/dynamicaltruncation/data/models/dynamical_and_censoring_adjusted_real_time_incidence.stan'.
fast decay,medium,200,exponential,142,14,,Assertion on 'stan_file' failed: File does not exist: '/home/seabbs/Dropbox/academic/projects/dynamicaltruncation/data/models/dynamical_and_censoring_adjusted_real_time_incidence.stan'.
fast decay,medium,200,exponential,143,15,,Assertion on 'stan_file' failed: File does not exist: '/home/seabbs/Dropbox/academic/projects/dynamicaltruncation/data/models/dynamical_and_censoring_adjusted_real_time_incidence.stan'.
fast decay,medium,200,exponential,144,16,,Assertion on 'stan_file' failed: File does not exist: '/home/seabbs/Dropbox/academic/projects/dynamicaltruncation/data/models/dynamical_and_censoring_adjusted_real_time_incidence.stan'.
fast decay,medium,200,exponential,145,17,,Assertion on 'stan_file' failed: File does not exist: '/home/seabbs/Dropbox/academic/projects/dynamicaltruncation/data/models/dynamical_and_censoring_adjusted_real_time_incidence.stan'.
fast decay,medium,200,exponential,146,18,,Assertion on 'stan_file' failed: File does not exist: '/home/seabbs/Dropbox/academic/projects/dynamicaltruncation/data/models/dynamical_and_censoring_adjusted_real_time_incidence.stan'.
fast decay,medium,200,exponential,147,19,,Assertion on 'stan_file' failed: File does not exist: '/home/seabbs/Dropbox/academic/projects/dynamicaltruncation/data/models/dynamical_and_censoring_adjusted_real_time_incidence.stan'.
fast decay,medium,200,exponential,148,20,,Assertion on 'stan_file' failed: File does not exist: '/home/seabbs/Dropbox/academic/projects/dynamicaltruncation/data/models/dynamical_and_censoring_adjusted_real_time_incidence.stan'.
fast decay,short,200,exponential,149,1,,Assertion on 'stan_file' failed: File does not exist: '/home/seabbs/Dropbox/academic/projects/dynamicaltruncation/data/models/dynamical_and_censoring_adjusted_real_time_incidence.stan'.
fast decay,short,200,exponential,150,2,,Assertion on 'stan_file' failed: File does not exist: '/home/seabbs/Dropbox/academic/projects/dynamicaltruncation/data/models/dynamical_and_censoring_adjusted_real_time_incidence.stan'.
fast decay,short,200,exponential,151,3,,Assertion on 'stan_file' failed: File does not exist: '/home/seabbs/Dropbox/academic/projects/dynamicaltruncation/data/models/dynamical_and_censoring_adjusted_real_time_incidence.stan'.
fast decay,short,200,exponential,152,4,,Assertion on 'stan_file' failed: File does not exist: '/home/seabbs/Dropbox/academic/projects/dynamicaltruncation/data/models/dynamical_and_censoring_adjusted_real_time_incidence.stan'.
fast decay,short,200,exponential,153,5,,Assertion on 'stan_file' failed: File does not exist: '/home/seabbs/Dropbox/academic/projects/dynamicaltruncation/data/models/dynamical_and_censoring_adjusted_real_time_incidence.stan'.
fast decay,short,200,exponential,154,6,,Assertion on 'stan_file' failed: File does not exist: '/home/seabbs/Dropbox/academic/projects/dynamicaltruncation/data/models/dynamical_and_censoring_adjusted_real_time_incidence.stan'.
fast decay,short,200,exponential,155,7,,Assertion on 'stan_file' failed: File does not exist: '/home/seabbs/Dropbox/academic/projects/dynamicaltruncation/data/models/dynamical_and_censoring_adjusted_real_time_incidence.stan'.
fast decay,short,200,exponential,156,8,,Assertion on 'stan_file' failed: File does not exist: '/home/seabbs/Dropbox/academic/projects/dynamicaltruncation/data/models/dynamical_and_censoring_adjusted_real_time_incidence.stan'.
fast decay,short,200,exponential,157,9,,Assertion on 'stan_file' failed: File does not exist: '/home/seabbs/Dropbox/academic/projects/dynamicaltruncation/data/models/dynamical_and_censoring_adjusted_real_time_incidence.stan'.
fast decay,short,200,exponential,158,10,,Assertion on 'stan_file' failed: File does not exist: '/home/seabbs/Dropbox/academic/projects/dynamicaltruncation/data/models/dynamical_and_censoring_adjusted_real_time_incidence.stan'.
fast decay,short,200,exponential,159,11,,Assertion on 'stan_file' failed: File does not exist: '/home/seabbs/Dropbox/academic/projects/dynamicaltruncation/data/models/dynamical_and_censoring_adjusted_real_time_incidence.stan'.
fast decay,short,200,exponential,160,12,,Assertion on 'stan_file' failed: File does not exist: '/home/seabbs/Dropbox/academic/projects/dynamicaltruncation/data/models/dynamical_and_censoring_adjusted_real_time_incidence.stan'.
fast decay,short,200,exponential,161,13,,Assertion on 'stan_file' failed: File does not exist: '/home/seabbs/Dropbox/academic/projects/dynamicaltruncation/data/models/dynamical_and_censoring_adjusted_real_time_incidence.stan'.
fast decay,short,200,exponential,162,14,,Assertion on 'stan_file' failed: File does not exist: '/home/seabbs/Dropbox/academic/projects/dynamicaltruncation/data/models/dynamical_and_censoring_adjusted_real_time_incidence.stan'.
fast decay,short,200,exponential,163,15,,Assertion on 'stan_file' failed: File does not exist: '/home/seabbs/Dropbox/academic/projects/dynamicaltruncation/data/models/dynamical_and_censoring_adjusted_real_time_incidence.stan'.
fast decay,short,200,exponential,164,16,,Assertion on 'stan_file' failed: File does not exist: '/home/seabbs/Dropbox/academic/projects/dynamicaltruncation/data/models/dynamical_and_censoring_adjusted_real_time_incidence.stan'.
fast decay,short,200,exponential,165,17,,Assertion on 'stan_file' failed: File does not exist: '/home/seabbs/Dropbox/academic/projects/dynamicaltruncation/data/models/dynamical_and_censoring_adjusted_real_time_incidence.stan'.
fast decay,short,200,exponential,166,18,,Assertion on 'stan_file' failed: File does not exist: '/home/seabbs/Dropbox/academic/projects/dynamicaltruncation/data/models/dynamical_and_censoring_adjusted_real_time_incidence.stan'.
fast decay,short,200,exponential,167,19,,Assertion on 'stan_file' failed: File does not exist: '/home/seabbs/Dropbox/academic/projects/dynamicaltruncation/data/models/dynamical_and_censoring_adjusted_real_time_incidence.stan'.
fast decay,short,200,exponential,168,20,,Assertion on 'stan_file' failed: File does not exist: '/home/seabbs/Dropbox/academic/projects/dynamicaltruncation/data/models/dynamical_and_censoring_adjusted_real_time_incidence.stan'.
fast growth,long,200,exponential,169,1,,Assertion on 'stan_file' failed: File does not exist: '/home/seabbs/Dropbox/academic/projects/dynamicaltruncation/data/models/dynamical_and_censoring_adjusted_real_time_incidence.stan'.
fast growth,long,200,exponential,170,2,,Assertion on 'stan_file' failed: File does not exist: '/home/seabbs/Dropbox/academic/projects/dynamicaltruncation/data/models/dynamical_and_censoring_adjusted_real_time_incidence.stan'.
fast growth,long,200,exponential,171,3,,Assertion on 'stan_file' failed: File does not exist: '/home/seabbs/Dropbox/academic/projects/dynamicaltruncation/data/models/dynamical_and_censoring_adjusted_real_time_incidence.stan'.
fast growth,long,200,exponential,172,4,,Assertion on 'stan_file' failed: File does not exist: '/home/seabbs/Dropbox/academic/projects/dynamicaltruncation/data/models/dynamical_and_censoring_adjusted_real_time_incidence.stan'.
fast growth,long,200,exponential,173,5,,Assertion on 'stan_file' failed: File does not exist: '/home/seabbs/Dropbox/academic/projects/dynamicaltruncation/data/models/dynamical_and_censoring_adjusted_real_time_incidence.stan'.
fast growth,long,200,exponential,174,6,,Assertion on 'stan_file' failed: File does not exist: '/home/seabbs/Dropbox/academic/projects/dynamicaltruncation/data/models/dynamical_and_censoring_adjusted_real_time_incidence.stan'.
fast growth,long,200,exponential,175,7,,Assertion on 'stan_file' failed: File does not exist: '/home/seabbs/Dropbox/academic/projects/dynamicaltruncation/data/models/dynamical_and_censoring_adjusted_real_time_incidence.stan'.
fast growth,long,200,exponential,176,8,,Assertion on 'stan_file' failed: File does not exist: '/home/seabbs/Dropbox/academic/projects/dynamicaltruncation/data/models/dynamical_and_censoring_adjusted_real_time_incidence.stan'.
fast growth,long,200,exponential,177,9,,Assertion on 'stan_file' failed: File does not exist: '/home/seabbs/Dropbox/academic/projects/dynamicaltruncation/data/models/dynamical_and_censoring_adjusted_real_time_incidence.stan'.
fast growth,long,200,exponential,178,10,,Assertion on 'stan_file' failed: File does not exist: '/home/seabbs/Dropbox/academic/projects/dynamicaltruncation/data/models/dynamical_and_censoring_adjusted_real_time_incidence.stan'.
fast growth,long,200,exponential,179,11,,Assertion on 'stan_file' failed: File does not exist: '/home/seabbs/Dropbox/academic/projects/dynamicaltruncation/data/models/dynamical_and_censoring_adjusted_real_time_incidence.stan'.
fast growth,long,200,exponential,180,12,,Assertion on 'stan_file' failed: File does not exist: '/home/seabbs/Dropbox/academic/projects/dynamicaltruncation/data/models/dynamical_and_censoring_adjusted_real_time_incidence.stan'.
fast growth,long,200,exponential,181,13,,Assertion on 'stan_file' failed: File does not exist: '/home/seabbs/Dropbox/academic/projects/dynamicaltruncation/data/models/dynamical_and_censoring_adjusted_real_time_incidence.stan'.
fast growth,long,200,exponential,182,14,,Assertion on 'stan_file' failed: File does not exist: '/home/seabbs/Dropbox/academic/projects/dynamicaltruncation/data/models/dynamical_and_censoring_adjusted_real_time_incidence.stan'.
fast growth,long,200,exponential,183,15,,Assertion on 'stan_file' failed: File does not exist: '/home/seabbs/Dropbox/academic/projects/dynamicaltruncation/data/models/dynamical_and_censoring_adjusted_real_time_incidence.stan'.
fast growth,long,200,exponential,184,16,,Assertion on 'stan_file' failed: File does not exist: '/home/seabbs/Dropbox/academic/projects/dynamicaltruncation/data/models/dynamical_and_censoring_adjusted_real_time_incidence.stan'.
fast growth,long,200,exponential,185,17,,Assertion on 'stan_file' failed: File does not exist: '/home/seabbs/Dropbox/academic/projects/dynamicaltruncation/data/models/dynamical_and_censoring_adjusted_real_time_incidence.stan'.
fast growth,long,200,exponential,186,18,,Assertion on 'stan_file' failed: File does not exist: '/home/seabbs/Dropbox/academic/projects/dynamicaltruncation/data/models/dynamical_and_censoring_adjusted_real_time_incidence.stan'.
fast growth,long,200,exponential,187,19,,Assertion on 'stan_file' failed: File does not exist: '/home/seabbs/Dropbox/academic/projects/dynamicaltruncation/data/models/dynamical_and_censoring_adjusted_real_time_incidence.stan'.
fast growth,long,200,exponential,188,20,,Assertion on 'stan_file' failed: File does not exist: '/home/seabbs/Dropbox/academic/projects/dynamicaltruncation/data/models/dynamical_and_censoring_adjusted_real_time_incidence.stan'.
fast growth,medium,200,exponential,189,1,,Assertion on 'stan_file' failed: File does not exist: '/home/seabbs/Dropbox/academic/projects/dynamicaltruncation/data/models/dynamical_and_censoring_adjusted_real_time_incidence.stan'.
fast growth,medium,200,exponential,190,2,,Assertion on 'stan_file' failed: File does not exist: '/home/seabbs/Dropbox/academic/projects/dynamicaltruncation/data/models/dynamical_and_censoring_adjusted_real_time_incidence.stan'.
fast growth,medium,200,exponential,191,3,,Assertion on 'stan_file' failed: File does not exist: '/home/seabbs/Dropbox/academic/projects/dynamicaltruncation/data/models/dynamical_and_censoring_adjusted_real_time_incidence.stan'.
fast growth,medium,200,exponential,192,4,,Assertion on 'stan_file' failed: File does not exist: '/home/seabbs/Dropbox/academic/projects/dynamicaltruncation/data/models/dynamical_and_censoring_adjusted_real_time_incidence.stan'.
fast growth,medium,200,exponential,193,5,,Assertion on 'stan_file' failed: File does not exist: '/home/seabbs/Dropbox/academic/projects/dynamicaltruncation/data/models/dynamical_and_censoring_adjusted_real_time_incidence.stan'.
fast growth,medium,200,exponential,194,6,,Assertion on 'stan_file' failed: File does not exist: '/home/seabbs/Dropbox/academic/projects/dynamicaltruncation/data/models/dynamical_and_censoring_adjusted_real_time_incidence.stan'.
fast growth,medium,200,exponential,195,7,,Assertion on 'stan_file' failed: File does not exist: '/home/seabbs/Dropbox/academic/projects/dynamicaltruncation/data/models/dynamical_and_censoring_adjusted_real_time_incidence.stan'.
fast growth,medium,200,exponential,196,8,,Assertion on 'stan_file' failed: File does not exist: '/home/seabbs/Dropbox/academic/projects/dynamicaltruncation/data/models/dynamical_and_censoring_adjusted_real_time_incidence.stan'.
fast growth,medium,200,exponential,197,9,,Assertion on 'stan_file' failed: File does not exist: '/home/seabbs/Dropbox/academic/projects/dynamicaltruncation/data/models/dynamical_and_censoring_adjusted_real_time_incidence.stan'.
fast growth,medium,200,exponential,198,10,,Assertion on 'stan_file' failed: File does not exist: '/home/seabbs/Dropbox/academic/projects/dynamicaltruncation/data/models/dynamical_and_censoring_adjusted_real_time_incidence.stan'.
fast growth,medium,200,exponential,199,11,,Assertion on 'stan_file' failed: File does not exist: '/home/seabbs/Dropbox/academic/projects/dynamicaltruncation/data/models/dynamical_and_censoring_adjusted_real_time_incidence.stan'.
fast growth,medium,200,exponential,200,12,,Assertion on 'stan_file' failed: File does not exist: '/home/seabbs/Dropbox/academic/projects/dynamicaltruncation/data/models/dynamical_and_censoring_adjusted_real_time_incidence.stan'.
fast growth,medium,200,exponential,201,13,,Assertion on 'stan_file' failed: File does not exist: '/home/seabbs/Dropbox/academic/projects/dynamicaltruncation/data/models/dynamical_and_censoring_adjusted_real_time_incidence.stan'.
fast growth,medium,200,exponential,202,14,,Assertion on 'stan_file' failed: File does not exist: '/home/seabbs/Dropbox/academic/projects/dynamicaltruncation/data/models/dynamical_and_censoring_adjusted_real_time_incidence.stan'.
fast growth,medium,200,exponential,203,15,,Assertion on 'stan_file' failed: File does not exist: '/home/seabbs/Dropbox/academic/projects/dynamicaltruncation/data/models/dynamical_and_censoring_adjusted_real_time_incidence.stan'.
fast growth,medium,200,exponential,204,16,,Assertion on 'stan_file' failed: File does not exist: '/home/seabbs/Dropbox/academic/projects/dynamicaltruncation/data/models/dynamical_and_censoring_adjusted_real_time_incidence.stan'.
fast growth,medium,200,exponential,205,17,,Assertion on 'stan_file' failed: File does not exist: '/home/seabbs/Dropbox/academic/projects/dynamicaltruncation/data/models/dynamical_and_censoring_adjusted_real_time_incidence.stan'.
fast growth,medium,200,exponential,206,18,,Assertion on 'stan_file' failed: File does not exist: '/home/seabbs/Dropbox/academic/projects/dynamicaltruncation/data/models/dynamical_and_censoring_adjusted_real_time_incidence.stan'.
fast growth,medium,200,exponential,207,19,,Assertion on 'stan_file' failed: File does not exist: '/home/seabbs/Dropbox/academic/projects/dynamicaltruncation/data/models/dynamical_and_censoring_adjusted_real_time_incidence.stan'.
fast growth,medium,200,exponential,208,20,,Assertion on 'stan_file' failed: File does not exist: '/home/seabbs/Dropbox/academic/projects/dynamicaltruncation/data/models/dynamical_and_censoring_adjusted_real_time_incidence.stan'.
fast growth,short,200,exponential,209,1,,Assertion on 'stan_file' failed: File does not exist: '/home/seabbs/Dropbox/academic/projects/dynamicaltruncation/data/models/dynamical_and_censoring_adjusted_real_time_incidence.stan'.
fast growth,short,200,exponential,210,2,,Assertion on 'stan_file' failed: File does not exist: '/home/seabbs/Dropbox/academic/projects/dynamicaltruncation/data/models/dynamical_and_censoring_adjusted_real_time_incidence.stan'.
fast growth,short,200,exponential,211,3,,Assertion on 'stan_file' failed: File does not exist: '/home/seabbs/Dropbox/academic/projects/dynamicaltruncation/data/models/dynamical_and_censoring_adjusted_real_time_incidence.stan'.
fast growth,short,200,exponential,212,4,,Assertion on 'stan_file' failed: File does not exist: '/home/seabbs/Dropbox/academic/projects/dynamicaltruncation/data/models/dynamical_and_censoring_adjusted_real_time_incidence.stan'.
fast growth,short,200,exponential,213,5,,Assertion on 'stan_file' failed: File does not exist: '/home/seabbs/Dropbox/academic/projects/dynamicaltruncation/data/models/dynamical_and_censoring_adjusted_real_time_incidence.stan'.
fast growth,short,200,exponential,214,6,,Assertion on 'stan_file' failed: File does not exist: '/home/seabbs/Dropbox/academic/projects/dynamicaltruncation/data/models/dynamical_and_censoring_adjusted_real_time_incidence.stan'.
fast growth,short,200,exponential,215,7,,Assertion on 'stan_file' failed: File does not exist: '/home/seabbs/Dropbox/academic/projects/dynamicaltruncation/data/models/dynamical_and_censoring_adjusted_real_time_incidence.stan'.
fast growth,short,200,exponential,216,8,,Assertion on 'stan_file' failed: File does not exist: '/home/seabbs/Dropbox/academic/projects/dynamicaltruncation/data/models/dynamical_and_censoring_adjusted_real_time_incidence.stan'.
fast growth,short,200,exponential,217,9,,Assertion on 'stan_file' failed: File does not exist: '/home/seabbs/Dropbox/academic/projects/dynamicaltruncation/data/models/dynamical_and_censoring_adjusted_real_time_incidence.stan'.
fast growth,short,200,exponential,218,10,,Assertion on 'stan_file' failed: File does not exist: '/home/seabbs/Dropbox/academic/projects/dynamicaltruncation/data/models/dynamical_and_censoring_adjusted_real_time_incidence.stan'.
fast growth,short,200,exponential,219,11,,Assertion on 'stan_file' failed: File does not exist: '/home/seabbs/Dropbox/academic/projects/dynamicaltruncation/data/models/dynamical_and_censoring_adjusted_real_time_incidence.stan'.
fast growth,short,200,exponential,220,12,,Assertion on 'stan_file' failed: File does not exist: '/home/seabbs/Dropbox/academic/projects/dynamicaltruncation/data/models/dynamical_and_censoring_adjusted_real_time_incidence.stan'.
fast growth,short,200,exponential,221,13,,Assertion on 'stan_file' failed: File does not exist: '/home/seabbs/Dropbox/academic/projects/dynamicaltruncation/data/models/dynamical_and_censoring_adjusted_real_time_incidence.stan'.
fast growth,short,200,exponential,222,14,,Assertion on 'stan_file' failed: File does not exist: '/home/seabbs/Dropbox/academic/projects/dynamicaltruncation/data/models/dynamical_and_censoring_adjusted_real_time_incidence.stan'.
fast growth,short,200,exponential,223,15,,Assertion on 'stan_file' failed: File does not exist: '/home/seabbs/Dropbox/academic/projects/dynamicaltruncation/data/models/dynamical_and_censoring_adjusted_real_time_incidence.stan'.
fast growth,short,200,exponential,224,16,,Assertion on 'stan_file' failed: File does not exist: '/home/seabbs/Dropbox/academic/projects/dynamicaltruncation/data/models/dynamical_and_censoring_adjusted_real_time_incidence.stan'.
fast growth,short,200,exponential,225,17,,Assertion on 'stan_file' failed: File does not exist: '/home/seabbs/Dropbox/academic/projects/dynamicaltruncation/data/models/dynamical_and_censoring_adjusted_real_time_incidence.stan'.
fast growth,short,200,exponential,226,18,,Assertion on 'stan_file' failed: File does not exist: '/home/seabbs/Dropbox/academic/projects/dynamicaltruncation/data/models/dynamical_and_censoring_adjusted_real_time_incidence.stan'.
fast growth,short,200,exponential,227,19,,Assertion on 'stan_file' failed: File does not exist: '/home/seabbs/Dropbox/academic/projects/dynamicaltruncation/data/models/dynamical_and_censoring_adjusted_real_time_incidence.stan'.
fast growth,short,200,exponential,228,20,,Assertion on 'stan_file' failed: File does not exist: '/home/seabbs/Dropbox/academic/projects/dynamicaltruncation/data/models/dynamical_and_censoring_adjusted_real_time_incidence.stan'.
growth,long,200,exponential,229,1,,Assertion on 'stan_file' failed: File does not exist: '/home/seabbs/Dropbox/academic/projects/dynamicaltruncation/data/models/dynamical_and_censoring_adjusted_real_time_incidence.stan'.
growth,long,200,exponential,230,2,,Assertion on 'stan_file' failed: File does not exist: '/home/seabbs/Dropbox/academic/projects/dynamicaltruncation/data/models/dynamical_and_censoring_adjusted_real_time_incidence.stan'.
growth,long,200,exponential,231,3,,Assertion on 'stan_file' failed: File does not exist: '/home/seabbs/Dropbox/academic/projects/dynamicaltruncation/data/models/dynamical_and_censoring_adjusted_real_time_incidence.stan'.
growth,long,200,exponential,232,4,,Assertion on 'stan_file' failed: File does not exist: '/home/seabbs/Dropbox/academic/projects/dynamicaltruncation/data/models/dynamical_and_censoring_adjusted_real_time_incidence.stan'.
growth,long,200,exponential,233,5,,Assertion on 'stan_file' failed: File does not exist: '/home/seabbs/Dropbox/academic/projects/dynamicaltruncation/data/models/dynamical_and_censoring_adjusted_real_time_incidence.stan'.
growth,long,200,exponential,234,6,,Assertion on 'stan_file' failed: File does not exist: '/home/seabbs/Dropbox/academic/projects/dynamicaltruncation/data/models/dynamical_and_censoring_adjusted_real_time_incidence.stan'.
growth,long,200,exponential,235,7,,Assertion on 'stan_file' failed: File does not exist: '/home/seabbs/Dropbox/academic/projects/dynamicaltruncation/data/models/dynamical_and_censoring_adjusted_real_time_incidence.stan'.
growth,long,200,exponential,236,8,,Assertion on 'stan_file' failed: File does not exist: '/home/seabbs/Dropbox/academic/projects/dynamicaltruncation/data/models/dynamical_and_censoring_adjusted_real_time_incidence.stan'.
growth,long,200,exponential,237,9,,Assertion on 'stan_file' failed: File does not exist: '/home/seabbs/Dropbox/academic/projects/dynamicaltruncation/data/models/dynamical_and_censoring_adjusted_real_time_incidence.stan'.
growth,long,200,exponential,238,10,,Assertion on 'stan_file' failed: File does not exist: '/home/seabbs/Dropbox/academic/projects/dynamicaltruncation/data/models/dynamical_and_censoring_adjusted_real_time_incidence.stan'.
growth,long,200,exponential,239,11,,Assertion on 'stan_file' failed: File does not exist: '/home/seabbs/Dropbox/academic/projects/dynamicaltruncation/data/models/dynamical_and_censoring_adjusted_real_time_incidence.stan'.
growth,long,200,exponential,240,12,,Assertion on 'stan_file' failed: File does not exist: '/home/seabbs/Dropbox/academic/projects/dynamicaltruncation/data/models/dynamical_and_censoring_adjusted_real_time_incidence.stan'.
growth,long,200,exponential,241,13,,Assertion on 'stan_file' failed: File does not exist: '/home/seabbs/Dropbox/academic/projects/dynamicaltruncation/data/models/dynamical_and_censoring_adjusted_real_time_incidence.stan'.
growth,long,200,exponential,242,14,,Assertion on 'stan_file' failed: File does not exist: '/home/seabbs/Dropbox/academic/projects/dynamicaltruncation/data/models/dynamical_and_censoring_adjusted_real_time_incidence.stan'.
growth,long,200,exponential,243,15,,Assertion on 'stan_file' failed: File does not exist: '/home/seabbs/Dropbox/academic/projects/dynamicaltruncation/data/models/dynamical_and_censoring_adjusted_real_time_incidence.stan'.
growth,long,200,exponential,244,16,,Assertion on 'stan_file' failed: File does not exist: '/home/seabbs/Dropbox/academic/projects/dynamicaltruncation/data/models/dynamical_and_censoring_adjusted_real_time_incidence.stan'.
growth,long,200,exponential,245,17,,Assertion on 'stan_file' failed: File does not exist: '/home/seabbs/Dropbox/academic/projects/dynamicaltruncation/data/models/dynamical_and_censoring_adjusted_real_time_incidence.stan'.
growth,long,200,exponential,246,18,,Assertion on 'stan_file' failed: File does not exist: '/home/seabbs/Dropbox/academic/projects/dynamicaltruncation/data/models/dynamical_and_censoring_adjusted_real_time_incidence.stan'.
growth,long,200,exponential,247,19,,Assertion on 'stan_file' failed: File does not exist: '/home/seabbs/Dropbox/academic/projects/dynamicaltruncation/data/models/dynamical_and_censoring_adjusted_real_time_incidence.stan'.
growth,long,200,exponential,248,20,,Assertion on 'stan_file' failed: File does not exist: '/home/seabbs/Dropbox/academic/projects/dynamicaltruncation/data/models/dynamical_and_censoring_adjusted_real_time_incidence.stan'.
growth,medium,200,exponential,249,1,,Assertion on 'stan_file' failed: File does not exist: '/home/seabbs/Dropbox/academic/projects/dynamicaltruncation/data/models/dynamical_and_censoring_adjusted_real_time_incidence.stan'.
growth,medium,200,exponential,250,2,,Assertion on 'stan_file' failed: File does not exist: '/home/seabbs/Dropbox/academic/projects/dynamicaltruncation/data/models/dynamical_and_censoring_adjusted_real_time_incidence.stan'.
growth,medium,200,exponential,251,3,,Assertion on 'stan_file' failed: File does not exist: '/home/seabbs/Dropbox/academic/projects/dynamicaltruncation/data/models/dynamical_and_censoring_adjusted_real_time_incidence.stan'.
growth,medium,200,exponential,252,4,,Assertion on 'stan_file' failed: File does not exist: '/home/seabbs/Dropbox/academic/projects/dynamicaltruncation/data/models/dynamical_and_censoring_adjusted_real_time_incidence.stan'.
growth,medium,200,exponential,253,5,,Assertion on 'stan_file' failed: File does not exist: '/home/seabbs/Dropbox/academic/projects/dynamicaltruncation/data/models/dynamical_and_censoring_adjusted_real_time_incidence.stan'.
growth,medium,200,exponential,254,6,,Assertion on 'stan_file' failed: File does not exist: '/home/seabbs/Dropbox/academic/projects/dynamicaltruncation/data/models/dynamical_and_censoring_adjusted_real_time_incidence.stan'.
growth,medium,200,exponential,255,7,,Assertion on 'stan_file' failed: File does not exist: '/home/seabbs/Dropbox/academic/projects/dynamicaltruncation/data/models/dynamical_and_censoring_adjusted_real_time_incidence.stan'.
growth,medium,200,exponential,256,8,,Assertion on 'stan_file' failed: File does not exist: '/home/seabbs/Dropbox/academic/projects/dynamicaltruncation/data/models/dynamical_and_censoring_adjusted_real_time_incidence.stan'.
growth,medium,200,exponential,257,9,,Assertion on 'stan_file' failed: File does not exist: '/home/seabbs/Dropbox/academic/projects/dynamicaltruncation/data/models/dynamical_and_censoring_adjusted_real_time_incidence.stan'.
growth,medium,200,exponential,258,10,,Assertion on 'stan_file' failed: File does not exist: '/home/seabbs/Dropbox/academic/projects/dynamicaltruncation/data/models/dynamical_and_censoring_adjusted_real_time_incidence.stan'.
growth,medium,200,exponential,259,11,,Assertion on 'stan_file' failed: File does not exist: '/home/seabbs/Dropbox/academic/projects/dynamicaltruncation/data/models/dynamical_and_censoring_adjusted_real_time_incidence.stan'.
growth,medium,200,exponential,260,12,,Assertion on 'stan_file' failed: File does not exist: '/home/seabbs/Dropbox/academic/projects/dynamicaltruncation/data/models/dynamical_and_censoring_adjusted_real_time_incidence.stan'.
growth,medium,200,exponential,261,13,,Assertion on 'stan_file' failed: File does not exist: '/home/seabbs/Dropbox/academic/projects/dynamicaltruncation/data/models/dynamical_and_censoring_adjusted_real_time_incidence.stan'.
growth,medium,200,exponential,262,14,,Assertion on 'stan_file' failed: File does not exist: '/home/seabbs/Dropbox/academic/projects/dynamicaltruncation/data/models/dynamical_and_censoring_adjusted_real_time_incidence.stan'.
growth,medium,200,exponential,263,15,,Assertion on 'stan_file' failed: File does not exist: '/home/seabbs/Dropbox/academic/projects/dynamicaltruncation/data/models/dynamical_and_censoring_adjusted_real_time_incidence.stan'.
growth,medium,200,exponential,264,16,,Assertion on 'stan_file' failed: File does not exist: '/home/seabbs/Dropbox/academic/projects/dynamicaltruncation/data/models/dynamical_and_censoring_adjusted_real_time_incidence.stan'.
growth,medium,200,exponential,265,17,,Assertion on 'stan_file' failed: File does not exist: '/home/seabbs/Dropbox/academic/projects/dynamicaltruncation/data/models/dynamical_and_censoring_adjusted_real_time_incidence.stan'.
growth,medium,200,exponential,266,18,,Assertion on 'stan_file' failed: File does not exist: '/home/seabbs/Dropbox/academic/projects/dynamicaltruncation/data/models/dynamical_and_censoring_adjusted_real_time_incidence.stan'.
growth,medium,200,exponential,267,19,,Assertion on 'stan_file' failed: File does not exist: '/home/seabbs/Dropbox/academic/projects/dynamicaltruncation/data/models/dynamical_and_censoring_adjusted_real_time_incidence.stan'.
growth,medium,200,exponential,268,20,,Assertion on 'stan_file' failed: File does not exist: '/home/seabbs/Dropbox/academic/projects/dynamicaltruncation/data/models/dynamical_and_censoring_adjusted_real_time_incidence.stan'.
growth,short,200,exponential,269,1,,Assertion on 'stan_file' failed: File does not exist: '/home/seabbs/Dropbox/academic/projects/dynamicaltruncation/data/models/dynamical_and_censoring_adjusted_real_time_incidence.stan'.
growth,short,200,exponential,270,2,,Assertion on 'stan_file' failed: File does not exist: '/home/seabbs/Dropbox/academic/projects/dynamicaltruncation/data/models/dynamical_and_censoring_adjusted_real_time_incidence.stan'.
growth,short,200,exponential,271,3,,Assertion on 'stan_file' failed: File does not exist: '/home/seabbs/Dropbox/academic/projects/dynamicaltruncation/data/models/dynamical_and_censoring_adjusted_real_time_incidence.stan'.
growth,short,200,exponential,272,4,,Assertion on 'stan_file' failed: File does not exist: '/home/seabbs/Dropbox/academic/projects/dynamicaltruncation/data/models/dynamical_and_censoring_adjusted_real_time_incidence.stan'.
growth,short,200,exponential,273,5,,Assertion on 'stan_file' failed: File does not exist: '/home/seabbs/Dropbox/academic/projects/dynamicaltruncation/data/models/dynamical_and_censoring_adjusted_real_time_incidence.stan'.
growth,short,200,exponential,274,6,,Assertion on 'stan_file' failed: File does not exist: '/home/seabbs/Dropbox/academic/projects/dynamicaltruncation/data/models/dynamical_and_censoring_adjusted_real_time_incidence.stan'.
growth,short,200,exponential,275,7,,Assertion on 'stan_file' failed: File does not exist: '/home/seabbs/Dropbox/academic/projects/dynamicaltruncation/data/models/dynamical_and_censoring_adjusted_real_time_incidence.stan'.
growth,short,200,exponential,276,8,,Assertion on 'stan_file' failed: File does not exist: '/home/seabbs/Dropbox/academic/projects/dynamicaltruncation/data/models/dynamical_and_censoring_adjusted_real_time_incidence.stan'.
growth,short,200,exponential,277,9,,Assertion on 'stan_file' failed: File does not exist: '/home/seabbs/Dropbox/academic/projects/dynamicaltruncation/data/models/dynamical_and_censoring_adjusted_real_time_incidence.stan'.
growth,short,200,exponential,278,10,,Assertion on 'stan_file' failed: File does not exist: '/home/seabbs/Dropbox/academic/projects/dynamicaltruncation/data/models/dynamical_and_censoring_adjusted_real_time_incidence.stan'.
growth,short,200,exponential,279,11,,Assertion on 'stan_file' failed: File does not exist: '/home/seabbs/Dropbox/academic/projects/dynamicaltruncation/data/models/dynamical_and_censoring_adjusted_real_time_incidence.stan'.
growth,short,200,exponential,280,12,,Assertion on 'stan_file' failed: File does not exist: '/home/seabbs/Dropbox/academic/projects/dynamicaltruncation/data/models/dynamical_and_censoring_adjusted_real_time_incidence.stan'.
growth,short,200,exponential,281,13,,Assertion on 'stan_file' failed: File does not exist: '/home/seabbs/Dropbox/academic/projects/dynamicaltruncation/data/models/dynamical_and_censoring_adjusted_real_time_incidence.stan'.
growth,short,200,exponential,282,14,,Assertion on 'stan_file' failed: File does not exist: '/home/seabbs/Dropbox/academic/projects/dynamicaltruncation/data/models/dynamical_and_censoring_adjusted_real_time_incidence.stan'.
growth,short,200,exponential,283,15,,Assertion on 'stan_file' failed: File does not exist: '/home/seabbs/Dropbox/academic/projects/dynamicaltruncation/data/models/dynamical_and_censoring_adjusted_real_time_incidence.stan'.
growth,short,200,exponential,284,16,,Assertion on 'stan_file' failed: File does not exist: '/home/seabbs/Dropbox/academic/projects/dynamicaltruncation/data/models/dynamical_and_censoring_adjusted_real_time_incidence.stan'.
growth,short,200,exponential,285,17,,Assertion on 'stan_file' failed: File does not exist: '/home/seabbs/Dropbox/academic/projects/dynamicaltruncation/data/models/dynamical_and_censoring_adjusted_real_time_incidence.stan'.
growth,short,200,exponential,286,18,,Assertion on 'stan_file' failed: File does not exist: '/home/seabbs/Dropbox/academic/projects/dynamicaltruncation/data/models/dynamical_and_censoring_adjusted_real_time_incidence.stan'.
growth,short,200,exponential,287,19,,Assertion on 'stan_file' failed: File does not exist: '/home/seabbs/Dropbox/academic/projects/dynamicaltruncation/data/models/dynamical_and_censoring_adjusted_real_time_incidence.stan'.
growth,short,200,exponential,288,20,,Assertion on 'stan_file' failed: File does not exist: '/home/seabbs/Dropbox/academic/projects/dynamicaltruncation/data/models/dynamical_and_censoring_adjusted_real_time_incidence.stan'.
stable,long,200,exponential,289,1,,Assertion on 'stan_file' failed: File does not exist: '/home/seabbs/Dropbox/academic/projects/dynamicaltruncation/data/models/dynamical_and_censoring_adjusted_real_time_incidence.stan'.
stable,long,200,exponential,290,2,,Assertion on 'stan_file' failed: File does not exist: '/home/seabbs/Dropbox/academic/projects/dynamicaltruncation/data/models/dynamical_and_censoring_adjusted_real_time_incidence.stan'.
stable,long,200,exponential,291,3,,Assertion on 'stan_file' failed: File does not exist: '/home/seabbs/Dropbox/academic/projects/dynamicaltruncation/data/models/dynamical_and_censoring_adjusted_real_time_incidence.stan'.
stable,long,200,exponential,292,4,,Assertion on 'stan_file' failed: File does not exist: '/home/seabbs/Dropbox/academic/projects/dynamicaltruncation/data/models/dynamical_and_censoring_adjusted_real_time_incidence.stan'.
stable,long,200,exponential,293,5,,Assertion on 'stan_file' failed: File does not exist: '/home/seabbs/Dropbox/academic/projects/dynamicaltruncation/data/models/dynamical_and_censoring_adjusted_real_time_incidence.stan'.
stable,long,200,exponential,294,6,,Assertion on 'stan_file' failed: File does not exist: '/home/seabbs/Dropbox/academic/projects/dynamicaltruncation/data/models/dynamical_and_censoring_adjusted_real_time_incidence.stan'.
stable,long,200,exponential,295,7,,Assertion on 'stan_file' failed: File does not exist: '/home/seabbs/Dropbox/academic/projects/dynamicaltruncation/data/models/dynamical_and_censoring_adjusted_real_time_incidence.stan'.
stable,long,200,exponential,296,8,,Assertion on 'stan_file' failed: File does not exist: '/home/seabbs/Dropbox/academic/projects/dynamicaltruncation/data/models/dynamical_and_censoring_adjusted_real_time_incidence.stan'.
stable,long,200,exponential,297,9,,Assertion on 'stan_file' failed: File does not exist: '/home/seabbs/Dropbox/academic/projects/dynamicaltruncation/data/models/dynamical_and_censoring_adjusted_real_time_incidence.stan'.
stable,long,200,exponential,298,10,,Assertion on 'stan_file' failed: File does not exist: '/home/seabbs/Dropbox/academic/projects/dynamicaltruncation/data/models/dynamical_and_censoring_adjusted_real_time_incidence.stan'.
stable,long,200,exponential,299,11,,Assertion on 'stan_file' failed: File does not exist: '/home/seabbs/Dropbox/academic/projects/dynamicaltruncation/data/models/dynamical_and_censoring_adjusted_real_time_incidence.stan'.
stable,long,200,exponential,300,12,,Assertion on 'stan_file' failed: File does not exist: '/home/seabbs/Dropbox/academic/projects/dynamicaltruncation/data/models/dynamical_and_censoring_adjusted_real_time_incidence.stan'.
stable,long,200,exponential,301,13,,Assertion on 'stan_file' failed: File does not exist: '/home/seabbs/Dropbox/academic/projects/dynamicaltruncation/data/models/dynamical_and_censoring_adjusted_real_time_incidence.stan'.
stable,long,200,exponential,302,14,,Assertion on 'stan_file' failed: File does not exist: '/home/seabbs/Dropbox/academic/projects/dynamicaltruncation/data/models/dynamical_and_censoring_adjusted_real_time_incidence.stan'.
stable,long,200,exponential,303,15,,Assertion on 'stan_file' failed: File does not exist: '/home/seabbs/Dropbox/academic/projects/dynamicaltruncation/data/models/dynamical_and_censoring_adjusted_real_time_incidence.stan'.
stable,long,200,exponential,304,16,,Assertion on 'stan_file' failed: File does not exist: '/home/seabbs/Dropbox/academic/projects/dynamicaltruncation/data/models/dynamical_and_censoring_adjusted_real_time_incidence.stan'.
stable,long,200,exponential,305,17,,Assertion on 'stan_file' failed: File does not exist: '/home/seabbs/Dropbox/academic/projects/dynamicaltruncation/data/models/dynamical_and_censoring_adjusted_real_time_incidence.stan'.
stable,long,200,exponential,306,18,,Assertion on 'stan_file' failed: File does not exist: '/home/seabbs/Dropbox/academic/projects/dynamicaltruncation/data/models/dynamical_and_censoring_adjusted_real_time_incidence.stan'.
stable,long,200,exponential,307,19,,Assertion on 'stan_file' failed: File does not exist: '/home/seabbs/Dropbox/academic/projects/dynamicaltruncation/data/models/dynamical_and_censoring_adjusted_real_time_incidence.stan'.
stable,long,200,exponential,308,20,,Assertion on 'stan_file' failed: File does not exist: '/home/seabbs/Dropbox/academic/projects/dynamicaltruncation/data/models/dynamical_and_censoring_adjusted_real_time_incidence.stan'.
stable,medium,200,exponential,309,1,,Assertion on 'stan_file' failed: File does not exist: '/home/seabbs/Dropbox/academic/projects/dynamicaltruncation/data/models/dynamical_and_censoring_adjusted_real_time_incidence.stan'.
stable,medium,200,exponential,310,2,,Assertion on 'stan_file' failed: File does not exist: '/home/seabbs/Dropbox/academic/projects/dynamicaltruncation/data/models/dynamical_and_censoring_adjusted_real_time_incidence.stan'.
stable,medium,200,exponential,311,3,,Assertion on 'stan_file' failed: File does not exist: '/home/seabbs/Dropbox/academic/projects/dynamicaltruncation/data/models/dynamical_and_censoring_adjusted_real_time_incidence.stan'.
stable,medium,200,exponential,312,4,,Assertion on 'stan_file' failed: File does not exist: '/home/seabbs/Dropbox/academic/projects/dynamicaltruncation/data/models/dynamical_and_censoring_adjusted_real_time_incidence.stan'.
stable,medium,200,exponential,313,5,,Assertion on 'stan_file' failed: File does not exist: '/home/seabbs/Dropbox/academic/projects/dynamicaltruncation/data/models/dynamical_and_censoring_adjusted_real_time_incidence.stan'.
stable,medium,200,exponential,314,6,,Assertion on 'stan_file' failed: File does not exist: '/home/seabbs/Dropbox/academic/projects/dynamicaltruncation/data/models/dynamical_and_censoring_adjusted_real_time_incidence.stan'.
stable,medium,200,exponential,315,7,,Assertion on 'stan_file' failed: File does not exist: '/home/seabbs/Dropbox/academic/projects/dynamicaltruncation/data/models/dynamical_and_censoring_adjusted_real_time_incidence.stan'.
stable,medium,200,exponential,316,8,,Assertion on 'stan_file' failed: File does not exist: '/home/seabbs/Dropbox/academic/projects/dynamicaltruncation/data/models/dynamical_and_censoring_adjusted_real_time_incidence.stan'.
stable,medium,200,exponential,317,9,,Assertion on 'stan_file' failed: File does not exist: '/home/seabbs/Dropbox/academic/projects/dynamicaltruncation/data/models/dynamical_and_censoring_adjusted_real_time_incidence.stan'.
stable,medium,200,exponential,318,10,,Assertion on 'stan_file' failed: File does not exist: '/home/seabbs/Dropbox/academic/projects/dynamicaltruncation/data/models/dynamical_and_censoring_adjusted_real_time_incidence.stan'.
stable,medium,200,exponential,319,11,,Assertion on 'stan_file' failed: File does not exist: '/home/seabbs/Dropbox/academic/projects/dynamicaltruncation/data/models/dynamical_and_censoring_adjusted_real_time_incidence.stan'.
stable,medium,200,exponential,320,12,,Assertion on 'stan_file' failed: File does not exist: '/home/seabbs/Dropbox/academic/projects/dynamicaltruncation/data/models/dynamical_and_censoring_adjusted_real_time_incidence.stan'.
stable,medium,200,exponential,321,13,,Assertion on 'stan_file' failed: File does not exist: '/home/seabbs/Dropbox/academic/projects/dynamicaltruncation/data/models/dynamical_and_censoring_adjusted_real_time_incidence.stan'.
stable,medium,200,exponential,322,14,,Assertion on 'stan_file' failed: File does not exist: '/home/seabbs/Dropbox/academic/projects/dynamicaltruncation/data/models/dynamical_and_censoring_adjusted_real_time_incidence.stan'.
stable,medium,200,exponential,323,15,,Assertion on 'stan_file' failed: File does not exist: '/home/seabbs/Dropbox/academic/projects/dynamicaltruncation/data/models/dynamical_and_censoring_adjusted_real_time_incidence.stan'.
stable,medium,200,exponential,324,16,,Assertion on 'stan_file' failed: File does not exist: '/home/seabbs/Dropbox/academic/projects/dynamicaltruncation/data/models/dynamical_and_censoring_adjusted_real_time_incidence.stan'.
stable,medium,200,exponential,325,17,,Assertion on 'stan_file' failed: File does not exist: '/home/seabbs/Dropbox/academic/projects/dynamicaltruncation/data/models/dynamical_and_censoring_adjusted_real_time_incidence.stan'.
stable,medium,200,exponential,326,18,,Assertion on 'stan_file' failed: File does not exist: '/home/seabbs/Dropbox/academic/projects/dynamicaltruncation/data/models/dynamical_and_censoring_adjusted_real_time_incidence.stan'.
stable,medium,200,exponential,327,19,,Assertion on 'stan_file' failed: File does not exist: '/home/seabbs/Dropbox/academic/projects/dynamicaltruncation/data/models/dynamical_and_censoring_adjusted_real_time_incidence.stan'.
stable,medium,200,exponential,328,20,,Assertion on 'stan_file' failed: File does not exist: '/home/seabbs/Dropbox/academic/projects/dynamicaltruncation/data/models/dynamical_and_censoring_adjusted_real_time_incidence.stan'.
stable,short,200,exponential,329,1,,Assertion on 'stan_file' failed: File does not exist: '/home/seabbs/Dropbox/academic/projects/dynamicaltruncation/data/models/dynamical_and_censoring_adjusted_real_time_incidence.stan'.
stable,short,200,exponential,330,2,,Assertion on 'stan_file' failed: File does not exist: '/home/seabbs/Dropbox/academic/projects/dynamicaltruncation/data/models/dynamical_and_censoring_adjusted_real_time_incidence.stan'.
stable,short,200,exponential,331,3,,Assertion on 'stan_file' failed: File does not exist: '/home/seabbs/Dropbox/academic/projects/dynamicaltruncation/data/models/dynamical_and_censoring_adjusted_real_time_incidence.stan'.
stable,short,200,exponential,332,4,,Assertion on 'stan_file' failed: File does not exist: '/home/seabbs/Dropbox/academic/projects/dynamicaltruncation/data/models/dynamical_and_censoring_adjusted_real_time_incidence.stan'.
stable,short,200,exponential,333,5,,Assertion on 'stan_file' failed: File does not exist: '/home/seabbs/Dropbox/academic/projects/dynamicaltruncation/data/models/dynamical_and_censoring_adjusted_real_time_incidence.stan'.
stable,short,200,exponential,334,6,,Assertion on 'stan_file' failed: File does not exist: '/home/seabbs/Dropbox/academic/projects/dynamicaltruncation/data/models/dynamical_and_censoring_adjusted_real_time_incidence.stan'.
stable,short,200,exponential,335,7,,Assertion on 'stan_file' failed: File does not exist: '/home/seabbs/Dropbox/academic/projects/dynamicaltruncation/data/models/dynamical_and_censoring_adjusted_real_time_incidence.stan'.
stable,short,200,exponential,336,8,,Assertion on 'stan_file' failed: File does not exist: '/home/seabbs/Dropbox/academic/projects/dynamicaltruncation/data/models/dynamical_and_censoring_adjusted_real_time_incidence.stan'.
stable,short,200,exponential,337,9,,Assertion on 'stan_file' failed: File does not exist: '/home/seabbs/Dropbox/academic/projects/dynamicaltruncation/data/models/dynamical_and_censoring_adjusted_real_time_incidence.stan'.
stable,short,200,exponential,338,10,,Assertion on 'stan_file' failed: File does not exist: '/home/seabbs/Dropbox/academic/projects/dynamicaltruncation/data/models/dynamical_and_censoring_adjusted_real_time_incidence.stan'.
stable,short,200,exponential,339,11,,Assertion on 'stan_file' failed: File does not exist: '/home/seabbs/Dropbox/academic/projects/dynamicaltruncation/data/models/dynamical_and_censoring_adjusted_real_time_incidence.stan'.
stable,short,200,exponential,340,12,,Assertion on 'stan_file' failed: File does not exist: '/home/seabbs/Dropbox/academic/projects/dynamicaltruncation/data/models/dynamical_and_censoring_adjusted_real_time_incidence.stan'.
stable,short,200,exponential,341,13,,Assertion on 'stan_file' failed: File does not exist: '/home/seabbs/Dropbox/academic/projects/dynamicaltruncation/data/models/dynamical_and_censoring_adjusted_real_time_incidence.stan'.
stable,short,200,exponential,342,14,,Assertion on 'stan_file' failed: File does not exist: '/home/seabbs/Dropbox/academic/projects/dynamicaltruncation/data/models/dynamical_and_censoring_adjusted_real_time_incidence.stan'.
stable,short,200,exponential,343,15,,Assertion on 'stan_file' failed: File does not exist: '/home/seabbs/Dropbox/academic/projects/dynamicaltruncation/data/models/dynamical_and_censoring_adjusted_real_time_incidence.stan'.
stable,short,200,exponential,344,16,,Assertion on 'stan_file' failed: File does not exist: '/home/seabbs/Dropbox/academic/projects/dynamicaltruncation/data/models/dynamical_and_censoring_adjusted_real_time_incidence.stan'.
stable,short,200,exponential,345,17,,Assertion on 'stan_file' failed: File does not exist: '/home/seabbs/Dropbox/academic/projects/dynamicaltruncation/data/models/dynamical_and_censoring_adjusted_real_time_incidence.stan'.
stable,short,200,exponential,346,18,,Assertion on 'stan_file' failed: File does not exist: '/home/seabbs/Dropbox/academic/projects/dynamicaltruncation/data/models/dynamical_and_censoring_adjusted_real_time_incidence.stan'.
stable,short,200,exponential,347,19,,Assertion on 'stan_file' failed: File does not exist: '/home/seabbs/Dropbox/academic/projects/dynamicaltruncation/data/models/dynamical_and_censoring_adjusted_real_time_incidence.stan'.
stable,short,200,exponential,348,20,,Assertion on 'stan_file' failed: File does not exist: '/home/seabbs/Dropbox/academic/projects/dynamicaltruncation/data/models/dynamical_and_censoring_adjusted_real_time_incidence.stan'.
120 days,,834,ebola_case_study,349,,real-time,Assertion on 'stan_file' failed: File does not exist: '/home/seabbs/Dropbox/academic/projects/dynamicaltruncation/data/models/dynamical_and_censoring_adjusted_real_time_incidence.stan'.
120 days,,1032,ebola_case_study,350,,retrospective,Assertion on 'stan_file' failed: File does not exist: '/home/seabbs/Dropbox/academic/projects/dynamicaltruncation/data/models/dynamical_and_censoring_adjusted_real_time_incidence.stan'.
180 days,,3149,ebola_case_study,351,,real-time,Assertion on 'stan_file' failed: File does not exist: '/home/seabbs/Dropbox/academic/projects/dynamicaltruncation/data/models/dynamical_and_censoring_adjusted_real_time_incidence.stan'.
180 days,,3532,ebola_case_study,352,,retrospective,Assertion on 'stan_file' failed: File does not exist: '/home/seabbs/Dropbox/academic/projects/dynamicaltruncation/data/models/dynamical_and_censoring_adjusted_real_time_incidence.stan'.
240 days,,2399,ebola_case_study,353,,real-time,Assertion on 'stan_file' failed: File does not exist: '/home/seabbs/Dropbox/academic/projects/dynamicaltruncation/data/models/dynamical_and_censoring_adjusted_real_time_incidence.stan'.
240 days,,2483,ebola_case_study,354,,retrospective,Assertion on 'stan_file' failed: File does not exist: '/home/seabbs/Dropbox/academic/projects/dynamicaltruncation/data/models/dynamical_and_censoring_adjusted_real_time_incidence.stan'.
60 days,,401,ebola_case_study,355,,real-time,Assertion on 'stan_file' failed: File does not exist: '/home/seabbs/Dropbox/academic/projects/dynamicaltruncation/data/models/dynamical_and_censoring_adjusted_real_time_incidence.stan'.
60 days,,428,ebola_case_study,356,,retrospective,Assertion on 'stan_file' failed: File does not exist: '/home/seabbs/Dropbox/academic/projects/dynamicaltruncation/data/models/dynamical_and_censoring_adjusted_real_time_incidence.stan'.
