scenario,distribution,sample_size,data_type,id,replicate,obs_type,samples,max_rhat,divergent_transitions,per_divergent_transitions,max_treedepth,no_at_max_treedepth,per_at_max_treedepth,run_time,model,error,time,tar_group.x,scenario_days,meanlog,sdlog,mean,sd,tar_group.y,distribution_stat,r,growth_rate
120 days,"",834,Ebola case study,349,,real-time,4000,1.01,0,0,3,1410,0.3525,9.6,Dynamical and censoring adjusted,"",,,,,,,,,,,
180 days,"",3149,Ebola case study,351,,real-time,,,,,,,,,Dynamical and censoring adjusted,Fitting failed. Unable to print.,,,,,,,,,,,
240 days,"",2399,Ebola case study,353,,real-time,4000,1,0,0,3,1456,0.364,15,Dynamical and censoring adjusted,"",,,,,,,,,,,
60 days,"",401,Ebola case study,355,,real-time,4000,1,0,0,3,1671,0.41775,8.3,Dynamical and censoring adjusted,"",,,,,,,,,,,
decay,long,200,Exponential,49,1,"",4000,1,0,0,4,26,0.0065,2.5,Dynamical and censoring adjusted,"",,,,1.8,0.8,8.33113748768769,7.88814376435135,1,"Long (mean: 8.3, sd: 7.9)",-0.1,Decay (-0.1)
decay,long,200,Exponential,50,2,"",4000,1,0,0,4,1,0.00025,2.4,Dynamical and censoring adjusted,"",,,,1.8,0.8,8.33113748768769,7.88814376435135,1,"Long (mean: 8.3, sd: 7.9)",-0.1,Decay (-0.1)
decay,long,200,Exponential,51,3,"",4000,1,0,0,4,94,0.0235,2.6,Dynamical and censoring adjusted,"",,,,1.8,0.8,8.33113748768769,7.88814376435135,1,"Long (mean: 8.3, sd: 7.9)",-0.1,Decay (-0.1)
decay,long,200,Exponential,52,4,"",4000,1,0,0,3,1490,0.3725,2.4,Dynamical and censoring adjusted,"",,,,1.8,0.8,8.33113748768769,7.88814376435135,1,"Long (mean: 8.3, sd: 7.9)",-0.1,Decay (-0.1)
decay,long,200,Exponential,53,5,"",4000,1,0,0,3,1569,0.39225,2.4,Dynamical and censoring adjusted,"",,,,1.8,0.8,8.33113748768769,7.88814376435135,1,"Long (mean: 8.3, sd: 7.9)",-0.1,Decay (-0.1)
decay,long,200,Exponential,54,6,"",,,,,,,,,Dynamical and censoring adjusted,Fitting failed. Unable to print.,,,,1.8,0.8,8.33113748768769,7.88814376435135,1,"Long (mean: 8.3, sd: 7.9)",-0.1,Decay (-0.1)
decay,long,200,Exponential,55,7,"",4000,1,0,0,4,171,0.04275,2.7,Dynamical and censoring adjusted,"",,,,1.8,0.8,8.33113748768769,7.88814376435135,1,"Long (mean: 8.3, sd: 7.9)",-0.1,Decay (-0.1)
decay,long,200,Exponential,56,8,"",4000,1,0,0,4,3,0.00075,2.4,Dynamical and censoring adjusted,"",,,,1.8,0.8,8.33113748768769,7.88814376435135,1,"Long (mean: 8.3, sd: 7.9)",-0.1,Decay (-0.1)
decay,long,200,Exponential,57,9,"",4000,1,0,0,4,37,0.00925,2.5,Dynamical and censoring adjusted,"",,,,1.8,0.8,8.33113748768769,7.88814376435135,1,"Long (mean: 8.3, sd: 7.9)",-0.1,Decay (-0.1)
decay,long,200,Exponential,58,10,"",4000,1,0,0,3,1616,0.404,2.4,Dynamical and censoring adjusted,"",,,,1.8,0.8,8.33113748768769,7.88814376435135,1,"Long (mean: 8.3, sd: 7.9)",-0.1,Decay (-0.1)
decay,long,200,Exponential,59,11,"",4000,1,0,0,4,52,0.013,2.6,Dynamical and censoring adjusted,"",,,,1.8,0.8,8.33113748768769,7.88814376435135,1,"Long (mean: 8.3, sd: 7.9)",-0.1,Decay (-0.1)
decay,long,200,Exponential,60,12,"",4000,1,0,0,3,1544,0.386,2.4,Dynamical and censoring adjusted,"",,,,1.8,0.8,8.33113748768769,7.88814376435135,1,"Long (mean: 8.3, sd: 7.9)",-0.1,Decay (-0.1)
decay,long,200,Exponential,61,13,"",4000,1,0,0,4,29,0.00725,2.6,Dynamical and censoring adjusted,"",,,,1.8,0.8,8.33113748768769,7.88814376435135,1,"Long (mean: 8.3, sd: 7.9)",-0.1,Decay (-0.1)
decay,long,200,Exponential,62,14,"",4000,1,0,0,3,1531,0.38275,2.4,Dynamical and censoring adjusted,"",,,,1.8,0.8,8.33113748768769,7.88814376435135,1,"Long (mean: 8.3, sd: 7.9)",-0.1,Decay (-0.1)
decay,long,200,Exponential,63,15,"",4000,1,0,0,4,2,5e-04,2.5,Dynamical and censoring adjusted,"",,,,1.8,0.8,8.33113748768769,7.88814376435135,1,"Long (mean: 8.3, sd: 7.9)",-0.1,Decay (-0.1)
decay,long,200,Exponential,64,16,"",4000,1,0,0,3,1303,0.32575,2.4,Dynamical and censoring adjusted,"",,,,1.8,0.8,8.33113748768769,7.88814376435135,1,"Long (mean: 8.3, sd: 7.9)",-0.1,Decay (-0.1)
decay,long,200,Exponential,65,17,"",4000,1,0,0,4,1,0.00025,2.5,Dynamical and censoring adjusted,"",,,,1.8,0.8,8.33113748768769,7.88814376435135,1,"Long (mean: 8.3, sd: 7.9)",-0.1,Decay (-0.1)
decay,long,200,Exponential,66,18,"",4000,1,0,0,3,1663,0.41575,2.4,Dynamical and censoring adjusted,"",,,,1.8,0.8,8.33113748768769,7.88814376435135,1,"Long (mean: 8.3, sd: 7.9)",-0.1,Decay (-0.1)
decay,long,200,Exponential,67,19,"",4000,1,0,0,3,1476,0.369,2.3,Dynamical and censoring adjusted,"",,,,1.8,0.8,8.33113748768769,7.88814376435135,1,"Long (mean: 8.3, sd: 7.9)",-0.1,Decay (-0.1)
decay,long,200,Exponential,68,20,"",4000,1,0,0,4,74,0.0185,2.7,Dynamical and censoring adjusted,"",,,,1.8,0.8,8.33113748768769,7.88814376435135,1,"Long (mean: 8.3, sd: 7.9)",-0.1,Decay (-0.1)
decay,medium,200,Exponential,69,1,"",4000,1,0,0,4,1,0.00025,2.6,Dynamical and censoring adjusted,"",,,,1.6,0.6,5.92985641859115,3.90349172318309,2,"Medium (mean: 5.9, sd: 3.9)",-0.1,Decay (-0.1)
decay,medium,200,Exponential,70,2,"",4000,1,0,0,3,1682,0.4205,2.4,Dynamical and censoring adjusted,"",,,,1.6,0.6,5.92985641859115,3.90349172318309,2,"Medium (mean: 5.9, sd: 3.9)",-0.1,Decay (-0.1)
decay,medium,200,Exponential,71,3,"",4000,1,0,0,3,1552,0.388,2.5,Dynamical and censoring adjusted,"",,,,1.6,0.6,5.92985641859115,3.90349172318309,2,"Medium (mean: 5.9, sd: 3.9)",-0.1,Decay (-0.1)
decay,medium,200,Exponential,72,4,"",4000,1,0,0,3,1604,0.401,2.4,Dynamical and censoring adjusted,"",,,,1.6,0.6,5.92985641859115,3.90349172318309,2,"Medium (mean: 5.9, sd: 3.9)",-0.1,Decay (-0.1)
decay,medium,200,Exponential,73,5,"",4000,1.01,0,0,3,1574,0.3935,2.4,Dynamical and censoring adjusted,"",,,,1.6,0.6,5.92985641859115,3.90349172318309,2,"Medium (mean: 5.9, sd: 3.9)",-0.1,Decay (-0.1)
decay,medium,200,Exponential,74,6,"",4000,1,0,0,3,1475,0.36875,2.4,Dynamical and censoring adjusted,"",,,,1.6,0.6,5.92985641859115,3.90349172318309,2,"Medium (mean: 5.9, sd: 3.9)",-0.1,Decay (-0.1)
decay,medium,200,Exponential,75,7,"",4000,1,0,0,3,1559,0.38975,2.4,Dynamical and censoring adjusted,"",,,,1.6,0.6,5.92985641859115,3.90349172318309,2,"Medium (mean: 5.9, sd: 3.9)",-0.1,Decay (-0.1)
decay,medium,200,Exponential,76,8,"",4000,1,0,0,3,1512,0.378,2.4,Dynamical and censoring adjusted,"",,,,1.6,0.6,5.92985641859115,3.90349172318309,2,"Medium (mean: 5.9, sd: 3.9)",-0.1,Decay (-0.1)
decay,medium,200,Exponential,77,9,"",4000,1,0,0,3,1621,0.40525,2.6,Dynamical and censoring adjusted,"",,,,1.6,0.6,5.92985641859115,3.90349172318309,2,"Medium (mean: 5.9, sd: 3.9)",-0.1,Decay (-0.1)
decay,medium,200,Exponential,78,10,"",4000,1,0,0,3,1728,0.432,2.5,Dynamical and censoring adjusted,"",,,,1.6,0.6,5.92985641859115,3.90349172318309,2,"Medium (mean: 5.9, sd: 3.9)",-0.1,Decay (-0.1)
decay,medium,200,Exponential,79,11,"",4000,1,0,0,3,1689,0.42225,2.5,Dynamical and censoring adjusted,"",,,,1.6,0.6,5.92985641859115,3.90349172318309,2,"Medium (mean: 5.9, sd: 3.9)",-0.1,Decay (-0.1)
decay,medium,200,Exponential,80,12,"",4000,1,0,0,3,1460,0.365,2.4,Dynamical and censoring adjusted,"",,,,1.6,0.6,5.92985641859115,3.90349172318309,2,"Medium (mean: 5.9, sd: 3.9)",-0.1,Decay (-0.1)
decay,medium,200,Exponential,81,13,"",4000,1,0,0,3,1644,0.411,2.5,Dynamical and censoring adjusted,"",,,,1.6,0.6,5.92985641859115,3.90349172318309,2,"Medium (mean: 5.9, sd: 3.9)",-0.1,Decay (-0.1)
decay,medium,200,Exponential,82,14,"",4000,1,0,0,3,1724,0.431,2.5,Dynamical and censoring adjusted,"",,,,1.6,0.6,5.92985641859115,3.90349172318309,2,"Medium (mean: 5.9, sd: 3.9)",-0.1,Decay (-0.1)
decay,medium,200,Exponential,83,15,"",4000,1,0,0,3,1470,0.3675,2.4,Dynamical and censoring adjusted,"",,,,1.6,0.6,5.92985641859115,3.90349172318309,2,"Medium (mean: 5.9, sd: 3.9)",-0.1,Decay (-0.1)
decay,medium,200,Exponential,84,16,"",4000,1,0,0,3,1540,0.385,2.5,Dynamical and censoring adjusted,"",,,,1.6,0.6,5.92985641859115,3.90349172318309,2,"Medium (mean: 5.9, sd: 3.9)",-0.1,Decay (-0.1)
decay,medium,200,Exponential,85,17,"",4000,1,0,0,3,1720,0.43,2.5,Dynamical and censoring adjusted,"",,,,1.6,0.6,5.92985641859115,3.90349172318309,2,"Medium (mean: 5.9, sd: 3.9)",-0.1,Decay (-0.1)
decay,medium,200,Exponential,86,18,"",4000,1,0,0,3,1736,0.434,2.5,Dynamical and censoring adjusted,"",,,,1.6,0.6,5.92985641859115,3.90349172318309,2,"Medium (mean: 5.9, sd: 3.9)",-0.1,Decay (-0.1)
decay,medium,200,Exponential,87,19,"",4000,1,0,0,3,1670,0.4175,2.5,Dynamical and censoring adjusted,"",,,,1.6,0.6,5.92985641859115,3.90349172318309,2,"Medium (mean: 5.9, sd: 3.9)",-0.1,Decay (-0.1)
decay,medium,200,Exponential,88,20,"",4000,1,0,0,3,1638,0.4095,2.5,Dynamical and censoring adjusted,"",,,,1.6,0.6,5.92985641859115,3.90349172318309,2,"Medium (mean: 5.9, sd: 3.9)",-0.1,Decay (-0.1)
decay,short,200,Exponential,89,1,"",4000,1,0,0,3,1392,0.348,2.4,Dynamical and censoring adjusted,"",,,,1.2,0.4,3.59663972556928,1.49816719007286,3,"Short (mean: 3.6, sd: 1.5)",-0.1,Decay (-0.1)
decay,short,200,Exponential,90,2,"",4000,1,486,0.1215,5,19,0.00475,6.6,Dynamical and censoring adjusted,"",,,,1.2,0.4,3.59663972556928,1.49816719007286,3,"Short (mean: 3.6, sd: 1.5)",-0.1,Decay (-0.1)
decay,short,200,Exponential,91,3,"",4000,1.01,2947,0.73675,6,141,0.03525,15.9,Dynamical and censoring adjusted,"",,,,1.2,0.4,3.59663972556928,1.49816719007286,3,"Short (mean: 3.6, sd: 1.5)",-0.1,Decay (-0.1)
decay,short,200,Exponential,92,4,"",4000,1,0,0,3,1311,0.32775,2.5,Dynamical and censoring adjusted,"",,,,1.2,0.4,3.59663972556928,1.49816719007286,3,"Short (mean: 3.6, sd: 1.5)",-0.1,Decay (-0.1)
decay,short,200,Exponential,93,5,"",4000,1,0,0,3,1387,0.34675,2.6,Dynamical and censoring adjusted,"",,,,1.2,0.4,3.59663972556928,1.49816719007286,3,"Short (mean: 3.6, sd: 1.5)",-0.1,Decay (-0.1)
decay,short,200,Exponential,94,6,"",4000,1,0,0,3,1285,0.32125,2.6,Dynamical and censoring adjusted,"",,,,1.2,0.4,3.59663972556928,1.49816719007286,3,"Short (mean: 3.6, sd: 1.5)",-0.1,Decay (-0.1)
decay,short,200,Exponential,95,7,"",4000,1,2,5e-04,3,1319,0.32975,2.6,Dynamical and censoring adjusted,"",,,,1.2,0.4,3.59663972556928,1.49816719007286,3,"Short (mean: 3.6, sd: 1.5)",-0.1,Decay (-0.1)
decay,short,200,Exponential,96,8,"",4000,1,4,0.001,3,1507,0.37675,2.7,Dynamical and censoring adjusted,"",,,,1.2,0.4,3.59663972556928,1.49816719007286,3,"Short (mean: 3.6, sd: 1.5)",-0.1,Decay (-0.1)
decay,short,200,Exponential,97,9,"",4000,1,0,0,3,1483,0.37075,2.7,Dynamical and censoring adjusted,"",,,,1.2,0.4,3.59663972556928,1.49816719007286,3,"Short (mean: 3.6, sd: 1.5)",-0.1,Decay (-0.1)
decay,short,200,Exponential,98,10,"",4000,1,0,0,3,1611,0.40275,2.6,Dynamical and censoring adjusted,"",,,,1.2,0.4,3.59663972556928,1.49816719007286,3,"Short (mean: 3.6, sd: 1.5)",-0.1,Decay (-0.1)
decay,short,200,Exponential,99,11,"",4000,1.01,432,0.108,4,445,0.11125,4.9,Dynamical and censoring adjusted,"",,,,1.2,0.4,3.59663972556928,1.49816719007286,3,"Short (mean: 3.6, sd: 1.5)",-0.1,Decay (-0.1)
decay,short,200,Exponential,100,12,"",4000,1,346,0.0865,4,99,0.02475,3.3,Dynamical and censoring adjusted,"",,,,1.2,0.4,3.59663972556928,1.49816719007286,3,"Short (mean: 3.6, sd: 1.5)",-0.1,Decay (-0.1)
decay,short,200,Exponential,101,13,"",4000,1,0,0,3,1415,0.35375,2.5,Dynamical and censoring adjusted,"",,,,1.2,0.4,3.59663972556928,1.49816719007286,3,"Short (mean: 3.6, sd: 1.5)",-0.1,Decay (-0.1)
decay,short,200,Exponential,102,14,"",4000,1,0,0,3,1318,0.3295,2.6,Dynamical and censoring adjusted,"",,,,1.2,0.4,3.59663972556928,1.49816719007286,3,"Short (mean: 3.6, sd: 1.5)",-0.1,Decay (-0.1)
decay,short,200,Exponential,103,15,"",4000,1,0,0,3,1612,0.403,2.5,Dynamical and censoring adjusted,"",,,,1.2,0.4,3.59663972556928,1.49816719007286,3,"Short (mean: 3.6, sd: 1.5)",-0.1,Decay (-0.1)
decay,short,200,Exponential,104,16,"",4000,1,0,0,3,1498,0.3745,2.6,Dynamical and censoring adjusted,"",,,,1.2,0.4,3.59663972556928,1.49816719007286,3,"Short (mean: 3.6, sd: 1.5)",-0.1,Decay (-0.1)
decay,short,200,Exponential,105,17,"",4000,1,0,0,3,1538,0.3845,2.6,Dynamical and censoring adjusted,"",,,,1.2,0.4,3.59663972556928,1.49816719007286,3,"Short (mean: 3.6, sd: 1.5)",-0.1,Decay (-0.1)
decay,short,200,Exponential,106,18,"",4000,1,0,0,3,1394,0.3485,2.6,Dynamical and censoring adjusted,"",,,,1.2,0.4,3.59663972556928,1.49816719007286,3,"Short (mean: 3.6, sd: 1.5)",-0.1,Decay (-0.1)
decay,short,200,Exponential,107,19,"",4000,1,1,0.00025,3,1465,0.36625,2.6,Dynamical and censoring adjusted,"",,,,1.2,0.4,3.59663972556928,1.49816719007286,3,"Short (mean: 3.6, sd: 1.5)",-0.1,Decay (-0.1)
decay,short,200,Exponential,108,20,"",4000,1,0,0,3,1353,0.33825,2.3,Dynamical and censoring adjusted,"",,,,1.2,0.4,3.59663972556928,1.49816719007286,3,"Short (mean: 3.6, sd: 1.5)",-0.1,Decay (-0.1)
early outbreak,long,10,Outbreak,1,1,"",4000,1.01,6,0.0015,6,2,5e-04,0.9,Dynamical and censoring adjusted,"",15,1,early outbreak (day 15),1.8,0.8,8.33113748768769,7.88814376435135,1,"Long (mean: 8.3, sd: 7.9)",,
early outbreak,long,100,Outbreak,13,1,"",4000,1,0,0,4,104,0.026,1.1,Dynamical and censoring adjusted,"",15,1,early outbreak (day 15),1.8,0.8,8.33113748768769,7.88814376435135,1,"Long (mean: 8.3, sd: 7.9)",,
early outbreak,long,200,Outbreak,25,1,"",4000,1,0,0,4,178,0.0445,1.6,Dynamical and censoring adjusted,"",15,1,early outbreak (day 15),1.8,0.8,8.33113748768769,7.88814376435135,1,"Long (mean: 8.3, sd: 7.9)",,
early outbreak,long,400,Outbreak,37,1,"",4000,1,0,0,4,130,0.0325,2.4,Dynamical and censoring adjusted,"",15,1,early outbreak (day 15),1.8,0.8,8.33113748768769,7.88814376435135,1,"Long (mean: 8.3, sd: 7.9)",,
early outbreak,medium,10,Outbreak,2,1,"",4000,1.01,15,0.00375,6,1,0.00025,1,Dynamical and censoring adjusted,"",15,1,early outbreak (day 15),1.6,0.6,5.92985641859115,3.90349172318309,2,"Medium (mean: 5.9, sd: 3.9)",,
early outbreak,medium,100,Outbreak,14,1,"",4000,1,0,0,3,1676,0.419,1,Dynamical and censoring adjusted,"",15,1,early outbreak (day 15),1.6,0.6,5.92985641859115,3.90349172318309,2,"Medium (mean: 5.9, sd: 3.9)",,
early outbreak,medium,200,Outbreak,26,1,"",4000,1,0,0,4,89,0.02225,1.5,Dynamical and censoring adjusted,"",15,1,early outbreak (day 15),1.6,0.6,5.92985641859115,3.90349172318309,2,"Medium (mean: 5.9, sd: 3.9)",,
early outbreak,medium,400,Outbreak,38,1,"",4000,1,0,0,3,1449,0.36225,2.1,Dynamical and censoring adjusted,"",15,1,early outbreak (day 15),1.6,0.6,5.92985641859115,3.90349172318309,2,"Medium (mean: 5.9, sd: 3.9)",,
early outbreak,short,10,Outbreak,3,1,"",4000,1.02,1,0.00025,5,22,0.0055,0.9,Dynamical and censoring adjusted,"",15,1,early outbreak (day 15),1.2,0.4,3.59663972556928,1.49816719007286,3,"Short (mean: 3.6, sd: 1.5)",,
early outbreak,short,100,Outbreak,15,1,"",4000,1,0,0,3,1670,0.4175,1,Dynamical and censoring adjusted,"",15,1,early outbreak (day 15),1.2,0.4,3.59663972556928,1.49816719007286,3,"Short (mean: 3.6, sd: 1.5)",,
early outbreak,short,200,Outbreak,27,1,"",4000,1,0,0,3,1610,0.4025,1.3,Dynamical and censoring adjusted,"",15,1,early outbreak (day 15),1.2,0.4,3.59663972556928,1.49816719007286,3,"Short (mean: 3.6, sd: 1.5)",,
early outbreak,short,400,Outbreak,39,1,"",4000,1,0,0,3,1635,0.40875,2.1,Dynamical and censoring adjusted,"",15,1,early outbreak (day 15),1.2,0.4,3.59663972556928,1.49816719007286,3,"Short (mean: 3.6, sd: 1.5)",,
fast decay,long,200,Exponential,109,1,"",4000,1,0,0,4,62,0.0155,2.6,Dynamical and censoring adjusted,"",,,,1.8,0.8,8.33113748768769,7.88814376435135,1,"Long (mean: 8.3, sd: 7.9)",-0.2,Fast decay (-0.2)
fast decay,long,200,Exponential,110,2,"",4000,1.01,0,0,4,147,0.03675,2.9,Dynamical and censoring adjusted,"",,,,1.8,0.8,8.33113748768769,7.88814376435135,1,"Long (mean: 8.3, sd: 7.9)",-0.2,Fast decay (-0.2)
fast decay,long,200,Exponential,111,3,"",4000,1,0,0,4,89,0.02225,2.8,Dynamical and censoring adjusted,"",,,,1.8,0.8,8.33113748768769,7.88814376435135,1,"Long (mean: 8.3, sd: 7.9)",-0.2,Fast decay (-0.2)
fast decay,long,200,Exponential,112,4,"",,,,,,,,,Dynamical and censoring adjusted,Fitting failed. Unable to print.,,,,1.8,0.8,8.33113748768769,7.88814376435135,1,"Long (mean: 8.3, sd: 7.9)",-0.2,Fast decay (-0.2)
fast decay,long,200,Exponential,113,5,"",4000,1,0,0,4,7,0.00175,2.4,Dynamical and censoring adjusted,"",,,,1.8,0.8,8.33113748768769,7.88814376435135,1,"Long (mean: 8.3, sd: 7.9)",-0.2,Fast decay (-0.2)
fast decay,long,200,Exponential,114,6,"",4000,1,0,0,4,2,5e-04,2.5,Dynamical and censoring adjusted,"",,,,1.8,0.8,8.33113748768769,7.88814376435135,1,"Long (mean: 8.3, sd: 7.9)",-0.2,Fast decay (-0.2)
fast decay,long,200,Exponential,115,7,"",4000,1,0,0,4,7,0.00175,2.4,Dynamical and censoring adjusted,"",,,,1.8,0.8,8.33113748768769,7.88814376435135,1,"Long (mean: 8.3, sd: 7.9)",-0.2,Fast decay (-0.2)
fast decay,long,200,Exponential,116,8,"",4000,1.01,0,0,4,140,0.035,2.5,Dynamical and censoring adjusted,"",,,,1.8,0.8,8.33113748768769,7.88814376435135,1,"Long (mean: 8.3, sd: 7.9)",-0.2,Fast decay (-0.2)
fast decay,long,200,Exponential,117,9,"",4000,1,0,0,3,1601,0.40025,2.5,Dynamical and censoring adjusted,"",,,,1.8,0.8,8.33113748768769,7.88814376435135,1,"Long (mean: 8.3, sd: 7.9)",-0.2,Fast decay (-0.2)
fast decay,long,200,Exponential,118,10,"",4000,1.01,0,0,4,62,0.0155,2.4,Dynamical and censoring adjusted,"",,,,1.8,0.8,8.33113748768769,7.88814376435135,1,"Long (mean: 8.3, sd: 7.9)",-0.2,Fast decay (-0.2)
fast decay,long,200,Exponential,119,11,"",4000,1,0,0,4,6,0.0015,2.4,Dynamical and censoring adjusted,"",,,,1.8,0.8,8.33113748768769,7.88814376435135,1,"Long (mean: 8.3, sd: 7.9)",-0.2,Fast decay (-0.2)
fast decay,long,200,Exponential,120,12,"",4000,1,0,0,4,3,0.00075,2.4,Dynamical and censoring adjusted,"",,,,1.8,0.8,8.33113748768769,7.88814376435135,1,"Long (mean: 8.3, sd: 7.9)",-0.2,Fast decay (-0.2)
fast decay,long,200,Exponential,121,13,"",,,,,,,,,Dynamical and censoring adjusted,Fitting failed. Unable to print.,,,,1.8,0.8,8.33113748768769,7.88814376435135,1,"Long (mean: 8.3, sd: 7.9)",-0.2,Fast decay (-0.2)
fast decay,long,200,Exponential,122,14,"",,,,,,,,,Dynamical and censoring adjusted,Fitting failed. Unable to print.,,,,1.8,0.8,8.33113748768769,7.88814376435135,1,"Long (mean: 8.3, sd: 7.9)",-0.2,Fast decay (-0.2)
fast decay,long,200,Exponential,123,15,"",4000,1,0,0,3,1652,0.413,2.5,Dynamical and censoring adjusted,"",,,,1.8,0.8,8.33113748768769,7.88814376435135,1,"Long (mean: 8.3, sd: 7.9)",-0.2,Fast decay (-0.2)
fast decay,long,200,Exponential,124,16,"",4000,1,0,0,5,1,0.00025,3.1,Dynamical and censoring adjusted,"",,,,1.8,0.8,8.33113748768769,7.88814376435135,1,"Long (mean: 8.3, sd: 7.9)",-0.2,Fast decay (-0.2)
fast decay,long,200,Exponential,125,17,"",4000,1,0,0,4,140,0.035,2.8,Dynamical and censoring adjusted,"",,,,1.8,0.8,8.33113748768769,7.88814376435135,1,"Long (mean: 8.3, sd: 7.9)",-0.2,Fast decay (-0.2)
fast decay,long,200,Exponential,126,18,"",,,,,,,,,Dynamical and censoring adjusted,Fitting failed. Unable to print.,,,,1.8,0.8,8.33113748768769,7.88814376435135,1,"Long (mean: 8.3, sd: 7.9)",-0.2,Fast decay (-0.2)
fast decay,long,200,Exponential,127,19,"",4000,1,0,0,4,1,0.00025,2.5,Dynamical and censoring adjusted,"",,,,1.8,0.8,8.33113748768769,7.88814376435135,1,"Long (mean: 8.3, sd: 7.9)",-0.2,Fast decay (-0.2)
fast decay,long,200,Exponential,128,20,"",4000,1,0,0,4,3,0.00075,2.4,Dynamical and censoring adjusted,"",,,,1.8,0.8,8.33113748768769,7.88814376435135,1,"Long (mean: 8.3, sd: 7.9)",-0.2,Fast decay (-0.2)
fast decay,medium,200,Exponential,129,1,"",4000,1,0,0,4,5,0.00125,2.1,Dynamical and censoring adjusted,"",,,,1.6,0.6,5.92985641859115,3.90349172318309,2,"Medium (mean: 5.9, sd: 3.9)",-0.2,Fast decay (-0.2)
fast decay,medium,200,Exponential,130,2,"",4000,1,0,0,3,1676,0.419,2.4,Dynamical and censoring adjusted,"",,,,1.6,0.6,5.92985641859115,3.90349172318309,2,"Medium (mean: 5.9, sd: 3.9)",-0.2,Fast decay (-0.2)
fast decay,medium,200,Exponential,131,3,"",4000,1,0,0,3,1820,0.455,2.3,Dynamical and censoring adjusted,"",,,,1.6,0.6,5.92985641859115,3.90349172318309,2,"Medium (mean: 5.9, sd: 3.9)",-0.2,Fast decay (-0.2)
fast decay,medium,200,Exponential,132,4,"",4000,1,0,0,3,1689,0.42225,2.6,Dynamical and censoring adjusted,"",,,,1.6,0.6,5.92985641859115,3.90349172318309,2,"Medium (mean: 5.9, sd: 3.9)",-0.2,Fast decay (-0.2)
fast decay,medium,200,Exponential,133,5,"",4000,1,0,0,3,1882,0.4705,2.5,Dynamical and censoring adjusted,"",,,,1.6,0.6,5.92985641859115,3.90349172318309,2,"Medium (mean: 5.9, sd: 3.9)",-0.2,Fast decay (-0.2)
fast decay,medium,200,Exponential,134,6,"",4000,1,0,0,3,1793,0.44825,2.7,Dynamical and censoring adjusted,"",,,,1.6,0.6,5.92985641859115,3.90349172318309,2,"Medium (mean: 5.9, sd: 3.9)",-0.2,Fast decay (-0.2)
fast decay,medium,200,Exponential,135,7,"",4000,1,0,0,3,1661,0.41525,2.5,Dynamical and censoring adjusted,"",,,,1.6,0.6,5.92985641859115,3.90349172318309,2,"Medium (mean: 5.9, sd: 3.9)",-0.2,Fast decay (-0.2)
fast decay,medium,200,Exponential,136,8,"",4000,1,0,0,4,1,0.00025,2.2,Dynamical and censoring adjusted,"",,,,1.6,0.6,5.92985641859115,3.90349172318309,2,"Medium (mean: 5.9, sd: 3.9)",-0.2,Fast decay (-0.2)
fast decay,medium,200,Exponential,137,9,"",4000,1,0,0,3,1520,0.38,2.4,Dynamical and censoring adjusted,"",,,,1.6,0.6,5.92985641859115,3.90349172318309,2,"Medium (mean: 5.9, sd: 3.9)",-0.2,Fast decay (-0.2)
fast decay,medium,200,Exponential,138,10,"",4000,1.01,0,0,3,1638,0.4095,2.6,Dynamical and censoring adjusted,"",,,,1.6,0.6,5.92985641859115,3.90349172318309,2,"Medium (mean: 5.9, sd: 3.9)",-0.2,Fast decay (-0.2)
fast decay,medium,200,Exponential,139,11,"",4000,1,0,0,3,1682,0.4205,2,Dynamical and censoring adjusted,"",,,,1.6,0.6,5.92985641859115,3.90349172318309,2,"Medium (mean: 5.9, sd: 3.9)",-0.2,Fast decay (-0.2)
fast decay,medium,200,Exponential,140,12,"",4000,1,0,0,3,1610,0.4025,2.3,Dynamical and censoring adjusted,"",,,,1.6,0.6,5.92985641859115,3.90349172318309,2,"Medium (mean: 5.9, sd: 3.9)",-0.2,Fast decay (-0.2)
fast decay,medium,200,Exponential,141,13,"",4000,1,0,0,3,1419,0.35475,2.4,Dynamical and censoring adjusted,"",,,,1.6,0.6,5.92985641859115,3.90349172318309,2,"Medium (mean: 5.9, sd: 3.9)",-0.2,Fast decay (-0.2)
fast decay,medium,200,Exponential,142,14,"",4000,1,0,0,3,1684,0.421,2.3,Dynamical and censoring adjusted,"",,,,1.6,0.6,5.92985641859115,3.90349172318309,2,"Medium (mean: 5.9, sd: 3.9)",-0.2,Fast decay (-0.2)
fast decay,medium,200,Exponential,143,15,"",4000,1,0,0,3,1418,0.3545,2,Dynamical and censoring adjusted,"",,,,1.6,0.6,5.92985641859115,3.90349172318309,2,"Medium (mean: 5.9, sd: 3.9)",-0.2,Fast decay (-0.2)
fast decay,medium,200,Exponential,144,16,"",4000,1,0,0,3,1556,0.389,2.3,Dynamical and censoring adjusted,"",,,,1.6,0.6,5.92985641859115,3.90349172318309,2,"Medium (mean: 5.9, sd: 3.9)",-0.2,Fast decay (-0.2)
fast decay,medium,200,Exponential,145,17,"",4000,1,0,0,3,1408,0.352,2.3,Dynamical and censoring adjusted,"",,,,1.6,0.6,5.92985641859115,3.90349172318309,2,"Medium (mean: 5.9, sd: 3.9)",-0.2,Fast decay (-0.2)
fast decay,medium,200,Exponential,146,18,"",4000,1,0,0,3,1511,0.37775,2.2,Dynamical and censoring adjusted,"",,,,1.6,0.6,5.92985641859115,3.90349172318309,2,"Medium (mean: 5.9, sd: 3.9)",-0.2,Fast decay (-0.2)
fast decay,medium,200,Exponential,147,19,"",4000,1,0,0,3,1630,0.4075,2.3,Dynamical and censoring adjusted,"",,,,1.6,0.6,5.92985641859115,3.90349172318309,2,"Medium (mean: 5.9, sd: 3.9)",-0.2,Fast decay (-0.2)
fast decay,medium,200,Exponential,148,20,"",4000,1,0,0,3,1573,0.39325,2.2,Dynamical and censoring adjusted,"",,,,1.6,0.6,5.92985641859115,3.90349172318309,2,"Medium (mean: 5.9, sd: 3.9)",-0.2,Fast decay (-0.2)
fast decay,short,200,Exponential,149,1,"",4000,1,0,0,3,1387,0.34675,2.5,Dynamical and censoring adjusted,"",,,,1.2,0.4,3.59663972556928,1.49816719007286,3,"Short (mean: 3.6, sd: 1.5)",-0.2,Fast decay (-0.2)
fast decay,short,200,Exponential,150,2,"",4000,1.01,2890,0.7225,8,56,0.014,31.2,Dynamical and censoring adjusted,"",,,,1.2,0.4,3.59663972556928,1.49816719007286,3,"Short (mean: 3.6, sd: 1.5)",-0.2,Fast decay (-0.2)
fast decay,short,200,Exponential,151,3,"",4000,1.01,3122,0.7805,6,80,0.02,11.5,Dynamical and censoring adjusted,"",,,,1.2,0.4,3.59663972556928,1.49816719007286,3,"Short (mean: 3.6, sd: 1.5)",-0.2,Fast decay (-0.2)
fast decay,short,200,Exponential,152,4,"",4000,1,0,0,3,1610,0.4025,2.3,Dynamical and censoring adjusted,"",,,,1.2,0.4,3.59663972556928,1.49816719007286,3,"Short (mean: 3.6, sd: 1.5)",-0.2,Fast decay (-0.2)
fast decay,short,200,Exponential,153,5,"",4000,1,0,0,3,1447,0.36175,2,Dynamical and censoring adjusted,"",,,,1.2,0.4,3.59663972556928,1.49816719007286,3,"Short (mean: 3.6, sd: 1.5)",-0.2,Fast decay (-0.2)
fast decay,short,200,Exponential,154,6,"",4000,1,0,0,3,1469,0.36725,2,Dynamical and censoring adjusted,"",,,,1.2,0.4,3.59663972556928,1.49816719007286,3,"Short (mean: 3.6, sd: 1.5)",-0.2,Fast decay (-0.2)
fast decay,short,200,Exponential,155,7,"",4000,1,123,0.03075,4,208,0.052,2.8,Dynamical and censoring adjusted,"",,,,1.2,0.4,3.59663972556928,1.49816719007286,3,"Short (mean: 3.6, sd: 1.5)",-0.2,Fast decay (-0.2)
fast decay,short,200,Exponential,156,8,"",4000,1,0,0,3,1388,0.347,2.3,Dynamical and censoring adjusted,"",,,,1.2,0.4,3.59663972556928,1.49816719007286,3,"Short (mean: 3.6, sd: 1.5)",-0.2,Fast decay (-0.2)
fast decay,short,200,Exponential,157,9,"",4000,1,4,0.001,4,115,0.02875,2.9,Dynamical and censoring adjusted,"",,,,1.2,0.4,3.59663972556928,1.49816719007286,3,"Short (mean: 3.6, sd: 1.5)",-0.2,Fast decay (-0.2)
fast decay,short,200,Exponential,158,10,"",4000,1.01,2022,0.5055,6,254,0.0635,13,Dynamical and censoring adjusted,"",,,,1.2,0.4,3.59663972556928,1.49816719007286,3,"Short (mean: 3.6, sd: 1.5)",-0.2,Fast decay (-0.2)
fast decay,short,200,Exponential,159,11,"",4000,1,11,0.00275,3,1470,0.3675,2.5,Dynamical and censoring adjusted,"",,,,1.2,0.4,3.59663972556928,1.49816719007286,3,"Short (mean: 3.6, sd: 1.5)",-0.2,Fast decay (-0.2)
fast decay,short,200,Exponential,160,12,"",4000,1.04,2452,0.613,10,473,0.11825,111.9,Dynamical and censoring adjusted,"",,,,1.2,0.4,3.59663972556928,1.49816719007286,3,"Short (mean: 3.6, sd: 1.5)",-0.2,Fast decay (-0.2)
fast decay,short,200,Exponential,161,13,"",4000,1,0,0,3,1527,0.38175,2.5,Dynamical and censoring adjusted,"",,,,1.2,0.4,3.59663972556928,1.49816719007286,3,"Short (mean: 3.6, sd: 1.5)",-0.2,Fast decay (-0.2)
fast decay,short,200,Exponential,162,14,"",4000,1,0,0,3,1360,0.34,2.7,Dynamical and censoring adjusted,"",,,,1.2,0.4,3.59663972556928,1.49816719007286,3,"Short (mean: 3.6, sd: 1.5)",-0.2,Fast decay (-0.2)
fast decay,short,200,Exponential,163,15,"",4000,1.02,2735,0.68375,10,367,0.09175,142.7,Dynamical and censoring adjusted,"",,,,1.2,0.4,3.59663972556928,1.49816719007286,3,"Short (mean: 3.6, sd: 1.5)",-0.2,Fast decay (-0.2)
fast decay,short,200,Exponential,164,16,"",4000,1,1229,0.30725,7,1,0.00025,11.9,Dynamical and censoring adjusted,"",,,,1.2,0.4,3.59663972556928,1.49816719007286,3,"Short (mean: 3.6, sd: 1.5)",-0.2,Fast decay (-0.2)
fast decay,short,200,Exponential,165,17,"",4000,1,6,0.0015,3,1503,0.37575,2.4,Dynamical and censoring adjusted,"",,,,1.2,0.4,3.59663972556928,1.49816719007286,3,"Short (mean: 3.6, sd: 1.5)",-0.2,Fast decay (-0.2)
fast decay,short,200,Exponential,166,18,"",4000,1.04,3016,0.754,6,159,0.03975,14,Dynamical and censoring adjusted,"",,,,1.2,0.4,3.59663972556928,1.49816719007286,3,"Short (mean: 3.6, sd: 1.5)",-0.2,Fast decay (-0.2)
fast decay,short,200,Exponential,167,19,"",4000,1,0,0,3,1422,0.3555,2.4,Dynamical and censoring adjusted,"",,,,1.2,0.4,3.59663972556928,1.49816719007286,3,"Short (mean: 3.6, sd: 1.5)",-0.2,Fast decay (-0.2)
fast decay,short,200,Exponential,168,20,"",4000,1,2,5e-04,3,1404,0.351,2.4,Dynamical and censoring adjusted,"",,,,1.2,0.4,3.59663972556928,1.49816719007286,3,"Short (mean: 3.6, sd: 1.5)",-0.2,Fast decay (-0.2)
fast growth,long,200,Exponential,169,1,"",4000,1,0,0,4,108,0.027,2.2,Dynamical and censoring adjusted,"",,,,1.8,0.8,8.33113748768769,7.88814376435135,1,"Long (mean: 8.3, sd: 7.9)",0.2,Fast growth (0.2)
fast growth,long,200,Exponential,170,2,"",4000,1,0,0,4,39,0.00975,2.5,Dynamical and censoring adjusted,"",,,,1.8,0.8,8.33113748768769,7.88814376435135,1,"Long (mean: 8.3, sd: 7.9)",0.2,Fast growth (0.2)
fast growth,long,200,Exponential,171,3,"",4000,1,0,0,4,129,0.03225,3,Dynamical and censoring adjusted,"",,,,1.8,0.8,8.33113748768769,7.88814376435135,1,"Long (mean: 8.3, sd: 7.9)",0.2,Fast growth (0.2)
fast growth,long,200,Exponential,172,4,"",4000,1.01,0,0,4,173,0.04325,2.4,Dynamical and censoring adjusted,"",,,,1.8,0.8,8.33113748768769,7.88814376435135,1,"Long (mean: 8.3, sd: 7.9)",0.2,Fast growth (0.2)
fast growth,long,200,Exponential,173,5,"",4000,1,0,0,4,180,0.045,2.7,Dynamical and censoring adjusted,"",,,,1.8,0.8,8.33113748768769,7.88814376435135,1,"Long (mean: 8.3, sd: 7.9)",0.2,Fast growth (0.2)
fast growth,long,200,Exponential,174,6,"",4000,1,0,0,4,151,0.03775,2.4,Dynamical and censoring adjusted,"",,,,1.8,0.8,8.33113748768769,7.88814376435135,1,"Long (mean: 8.3, sd: 7.9)",0.2,Fast growth (0.2)
fast growth,long,200,Exponential,175,7,"",4000,1,0,0,4,122,0.0305,2.7,Dynamical and censoring adjusted,"",,,,1.8,0.8,8.33113748768769,7.88814376435135,1,"Long (mean: 8.3, sd: 7.9)",0.2,Fast growth (0.2)
fast growth,long,200,Exponential,176,8,"",4000,1,0,0,4,167,0.04175,2.5,Dynamical and censoring adjusted,"",,,,1.8,0.8,8.33113748768769,7.88814376435135,1,"Long (mean: 8.3, sd: 7.9)",0.2,Fast growth (0.2)
fast growth,long,200,Exponential,177,9,"",4000,1,0,0,4,30,0.0075,2.2,Dynamical and censoring adjusted,"",,,,1.8,0.8,8.33113748768769,7.88814376435135,1,"Long (mean: 8.3, sd: 7.9)",0.2,Fast growth (0.2)
fast growth,long,200,Exponential,178,10,"",4000,1,0,0,4,61,0.01525,2.6,Dynamical and censoring adjusted,"",,,,1.8,0.8,8.33113748768769,7.88814376435135,1,"Long (mean: 8.3, sd: 7.9)",0.2,Fast growth (0.2)
fast growth,long,200,Exponential,179,11,"",4000,1,0,0,4,107,0.02675,2.7,Dynamical and censoring adjusted,"",,,,1.8,0.8,8.33113748768769,7.88814376435135,1,"Long (mean: 8.3, sd: 7.9)",0.2,Fast growth (0.2)
fast growth,long,200,Exponential,180,12,"",4000,1,0,0,4,119,0.02975,2.5,Dynamical and censoring adjusted,"",,,,1.8,0.8,8.33113748768769,7.88814376435135,1,"Long (mean: 8.3, sd: 7.9)",0.2,Fast growth (0.2)
fast growth,long,200,Exponential,181,13,"",4000,1,0,0,4,38,0.0095,2.5,Dynamical and censoring adjusted,"",,,,1.8,0.8,8.33113748768769,7.88814376435135,1,"Long (mean: 8.3, sd: 7.9)",0.2,Fast growth (0.2)
fast growth,long,200,Exponential,182,14,"",4000,1,0,0,4,140,0.035,2.6,Dynamical and censoring adjusted,"",,,,1.8,0.8,8.33113748768769,7.88814376435135,1,"Long (mean: 8.3, sd: 7.9)",0.2,Fast growth (0.2)
fast growth,long,200,Exponential,183,15,"",4000,1,0,0,4,125,0.03125,2.7,Dynamical and censoring adjusted,"",,,,1.8,0.8,8.33113748768769,7.88814376435135,1,"Long (mean: 8.3, sd: 7.9)",0.2,Fast growth (0.2)
fast growth,long,200,Exponential,184,16,"",4000,1,0,0,4,4,0.001,2.3,Dynamical and censoring adjusted,"",,,,1.8,0.8,8.33113748768769,7.88814376435135,1,"Long (mean: 8.3, sd: 7.9)",0.2,Fast growth (0.2)
fast growth,long,200,Exponential,185,17,"",4000,1.01,0,0,4,167,0.04175,2.7,Dynamical and censoring adjusted,"",,,,1.8,0.8,8.33113748768769,7.88814376435135,1,"Long (mean: 8.3, sd: 7.9)",0.2,Fast growth (0.2)
fast growth,long,200,Exponential,186,18,"",4000,1,0,0,4,92,0.023,2.7,Dynamical and censoring adjusted,"",,,,1.8,0.8,8.33113748768769,7.88814376435135,1,"Long (mean: 8.3, sd: 7.9)",0.2,Fast growth (0.2)
fast growth,long,200,Exponential,187,19,"",4000,1,0,0,4,129,0.03225,2.7,Dynamical and censoring adjusted,"",,,,1.8,0.8,8.33113748768769,7.88814376435135,1,"Long (mean: 8.3, sd: 7.9)",0.2,Fast growth (0.2)
fast growth,long,200,Exponential,188,20,"",4000,1.01,0,0,4,174,0.0435,2.6,Dynamical and censoring adjusted,"",,,,1.8,0.8,8.33113748768769,7.88814376435135,1,"Long (mean: 8.3, sd: 7.9)",0.2,Fast growth (0.2)
fast growth,medium,200,Exponential,189,1,"",4000,1,0,0,3,1466,0.3665,2.5,Dynamical and censoring adjusted,"",,,,1.6,0.6,5.92985641859115,3.90349172318309,2,"Medium (mean: 5.9, sd: 3.9)",0.2,Fast growth (0.2)
fast growth,medium,200,Exponential,190,2,"",4000,1,0,0,3,1323,0.33075,2.3,Dynamical and censoring adjusted,"",,,,1.6,0.6,5.92985641859115,3.90349172318309,2,"Medium (mean: 5.9, sd: 3.9)",0.2,Fast growth (0.2)
fast growth,medium,200,Exponential,191,3,"",4000,1,0,0,4,1,0.00025,2.4,Dynamical and censoring adjusted,"",,,,1.6,0.6,5.92985641859115,3.90349172318309,2,"Medium (mean: 5.9, sd: 3.9)",0.2,Fast growth (0.2)
fast growth,medium,200,Exponential,192,4,"",4000,1.01,0,0,4,17,0.00425,2.7,Dynamical and censoring adjusted,"",,,,1.6,0.6,5.92985641859115,3.90349172318309,2,"Medium (mean: 5.9, sd: 3.9)",0.2,Fast growth (0.2)
fast growth,medium,200,Exponential,193,5,"",4000,1,0,0,3,1424,0.356,2.5,Dynamical and censoring adjusted,"",,,,1.6,0.6,5.92985641859115,3.90349172318309,2,"Medium (mean: 5.9, sd: 3.9)",0.2,Fast growth (0.2)
fast growth,medium,200,Exponential,194,6,"",4000,1,0,0,4,26,0.0065,2.3,Dynamical and censoring adjusted,"",,,,1.6,0.6,5.92985641859115,3.90349172318309,2,"Medium (mean: 5.9, sd: 3.9)",0.2,Fast growth (0.2)
fast growth,medium,200,Exponential,195,7,"",4000,1,0,0,4,203,0.05075,2.7,Dynamical and censoring adjusted,"",,,,1.6,0.6,5.92985641859115,3.90349172318309,2,"Medium (mean: 5.9, sd: 3.9)",0.2,Fast growth (0.2)
fast growth,medium,200,Exponential,196,8,"",4000,1,0,0,4,2,5e-04,2.4,Dynamical and censoring adjusted,"",,,,1.6,0.6,5.92985641859115,3.90349172318309,2,"Medium (mean: 5.9, sd: 3.9)",0.2,Fast growth (0.2)
fast growth,medium,200,Exponential,197,9,"",4000,1,0,0,4,17,0.00425,2.6,Dynamical and censoring adjusted,"",,,,1.6,0.6,5.92985641859115,3.90349172318309,2,"Medium (mean: 5.9, sd: 3.9)",0.2,Fast growth (0.2)
fast growth,medium,200,Exponential,198,10,"",4000,1,0,0,4,37,0.00925,2.6,Dynamical and censoring adjusted,"",,,,1.6,0.6,5.92985641859115,3.90349172318309,2,"Medium (mean: 5.9, sd: 3.9)",0.2,Fast growth (0.2)
fast growth,medium,200,Exponential,199,11,"",4000,1.01,0,0,3,1595,0.39875,2.6,Dynamical and censoring adjusted,"",,,,1.6,0.6,5.92985641859115,3.90349172318309,2,"Medium (mean: 5.9, sd: 3.9)",0.2,Fast growth (0.2)
fast growth,medium,200,Exponential,200,12,"",4000,1,0,0,4,53,0.01325,2.2,Dynamical and censoring adjusted,"",,,,1.6,0.6,5.92985641859115,3.90349172318309,2,"Medium (mean: 5.9, sd: 3.9)",0.2,Fast growth (0.2)
fast growth,medium,200,Exponential,201,13,"",4000,1.01,0,0,4,129,0.03225,2.9,Dynamical and censoring adjusted,"",,,,1.6,0.6,5.92985641859115,3.90349172318309,2,"Medium (mean: 5.9, sd: 3.9)",0.2,Fast growth (0.2)
fast growth,medium,200,Exponential,202,14,"",4000,1,0,0,4,109,0.02725,2.5,Dynamical and censoring adjusted,"",,,,1.6,0.6,5.92985641859115,3.90349172318309,2,"Medium (mean: 5.9, sd: 3.9)",0.2,Fast growth (0.2)
fast growth,medium,200,Exponential,203,15,"",4000,1,0,0,3,1477,0.36925,2.4,Dynamical and censoring adjusted,"",,,,1.6,0.6,5.92985641859115,3.90349172318309,2,"Medium (mean: 5.9, sd: 3.9)",0.2,Fast growth (0.2)
fast growth,medium,200,Exponential,204,16,"",4000,1,0,0,4,10,0.0025,2.3,Dynamical and censoring adjusted,"",,,,1.6,0.6,5.92985641859115,3.90349172318309,2,"Medium (mean: 5.9, sd: 3.9)",0.2,Fast growth (0.2)
fast growth,medium,200,Exponential,205,17,"",4000,1,0,0,3,1532,0.383,2.4,Dynamical and censoring adjusted,"",,,,1.6,0.6,5.92985641859115,3.90349172318309,2,"Medium (mean: 5.9, sd: 3.9)",0.2,Fast growth (0.2)
fast growth,medium,200,Exponential,206,18,"",4000,1.01,0,0,4,32,0.008,2.3,Dynamical and censoring adjusted,"",,,,1.6,0.6,5.92985641859115,3.90349172318309,2,"Medium (mean: 5.9, sd: 3.9)",0.2,Fast growth (0.2)
fast growth,medium,200,Exponential,207,19,"",4000,1,0,0,3,1448,0.362,2.5,Dynamical and censoring adjusted,"",,,,1.6,0.6,5.92985641859115,3.90349172318309,2,"Medium (mean: 5.9, sd: 3.9)",0.2,Fast growth (0.2)
fast growth,medium,200,Exponential,208,20,"",4000,1,0,0,4,89,0.02225,2.6,Dynamical and censoring adjusted,"",,,,1.6,0.6,5.92985641859115,3.90349172318309,2,"Medium (mean: 5.9, sd: 3.9)",0.2,Fast growth (0.2)
fast growth,short,200,Exponential,209,1,"",4000,1,0,0,3,1572,0.393,2.2,Dynamical and censoring adjusted,"",,,,1.2,0.4,3.59663972556928,1.49816719007286,3,"Short (mean: 3.6, sd: 1.5)",0.2,Fast growth (0.2)
fast growth,short,200,Exponential,210,2,"",4000,1,0,0,3,1537,0.38425,2.2,Dynamical and censoring adjusted,"",,,,1.2,0.4,3.59663972556928,1.49816719007286,3,"Short (mean: 3.6, sd: 1.5)",0.2,Fast growth (0.2)
fast growth,short,200,Exponential,211,3,"",4000,1,0,0,3,1633,0.40825,2.6,Dynamical and censoring adjusted,"",,,,1.2,0.4,3.59663972556928,1.49816719007286,3,"Short (mean: 3.6, sd: 1.5)",0.2,Fast growth (0.2)
fast growth,short,200,Exponential,212,4,"",4000,1.01,0,0,3,1750,0.4375,2.6,Dynamical and censoring adjusted,"",,,,1.2,0.4,3.59663972556928,1.49816719007286,3,"Short (mean: 3.6, sd: 1.5)",0.2,Fast growth (0.2)
fast growth,short,200,Exponential,213,5,"",4000,1,0,0,4,26,0.0065,2.2,Dynamical and censoring adjusted,"",,,,1.2,0.4,3.59663972556928,1.49816719007286,3,"Short (mean: 3.6, sd: 1.5)",0.2,Fast growth (0.2)
fast growth,short,200,Exponential,214,6,"",4000,1,0,0,3,1531,0.38275,2.3,Dynamical and censoring adjusted,"",,,,1.2,0.4,3.59663972556928,1.49816719007286,3,"Short (mean: 3.6, sd: 1.5)",0.2,Fast growth (0.2)
fast growth,short,200,Exponential,215,7,"",4000,1,0,0,3,1520,0.38,2,Dynamical and censoring adjusted,"",,,,1.2,0.4,3.59663972556928,1.49816719007286,3,"Short (mean: 3.6, sd: 1.5)",0.2,Fast growth (0.2)
fast growth,short,200,Exponential,216,8,"",4000,1,0,0,3,1618,0.4045,2.5,Dynamical and censoring adjusted,"",,,,1.2,0.4,3.59663972556928,1.49816719007286,3,"Short (mean: 3.6, sd: 1.5)",0.2,Fast growth (0.2)
fast growth,short,200,Exponential,217,9,"",4000,1,0,0,3,1460,0.365,2.3,Dynamical and censoring adjusted,"",,,,1.2,0.4,3.59663972556928,1.49816719007286,3,"Short (mean: 3.6, sd: 1.5)",0.2,Fast growth (0.2)
fast growth,short,200,Exponential,218,10,"",4000,1,0,0,3,1593,0.39825,2.4,Dynamical and censoring adjusted,"",,,,1.2,0.4,3.59663972556928,1.49816719007286,3,"Short (mean: 3.6, sd: 1.5)",0.2,Fast growth (0.2)
fast growth,short,200,Exponential,219,11,"",4000,1,0,0,3,1684,0.421,2.4,Dynamical and censoring adjusted,"",,,,1.2,0.4,3.59663972556928,1.49816719007286,3,"Short (mean: 3.6, sd: 1.5)",0.2,Fast growth (0.2)
fast growth,short,200,Exponential,220,12,"",4000,1,0,0,3,1633,0.40825,2.2,Dynamical and censoring adjusted,"",,,,1.2,0.4,3.59663972556928,1.49816719007286,3,"Short (mean: 3.6, sd: 1.5)",0.2,Fast growth (0.2)
fast growth,short,200,Exponential,221,13,"",4000,1,0,0,3,1676,0.419,2.3,Dynamical and censoring adjusted,"",,,,1.2,0.4,3.59663972556928,1.49816719007286,3,"Short (mean: 3.6, sd: 1.5)",0.2,Fast growth (0.2)
fast growth,short,200,Exponential,222,14,"",4000,1,12,0.003,3,1720,0.43,2.2,Dynamical and censoring adjusted,"",,,,1.2,0.4,3.59663972556928,1.49816719007286,3,"Short (mean: 3.6, sd: 1.5)",0.2,Fast growth (0.2)
fast growth,short,200,Exponential,223,15,"",4000,1,0,0,3,1389,0.34725,2.4,Dynamical and censoring adjusted,"",,,,1.2,0.4,3.59663972556928,1.49816719007286,3,"Short (mean: 3.6, sd: 1.5)",0.2,Fast growth (0.2)
fast growth,short,200,Exponential,224,16,"",4000,1,0,0,3,1657,0.41425,2.3,Dynamical and censoring adjusted,"",,,,1.2,0.4,3.59663972556928,1.49816719007286,3,"Short (mean: 3.6, sd: 1.5)",0.2,Fast growth (0.2)
fast growth,short,200,Exponential,225,17,"",4000,1,0,0,3,1691,0.42275,2.3,Dynamical and censoring adjusted,"",,,,1.2,0.4,3.59663972556928,1.49816719007286,3,"Short (mean: 3.6, sd: 1.5)",0.2,Fast growth (0.2)
fast growth,short,200,Exponential,226,18,"",4000,1,0,0,3,1603,0.40075,2.4,Dynamical and censoring adjusted,"",,,,1.2,0.4,3.59663972556928,1.49816719007286,3,"Short (mean: 3.6, sd: 1.5)",0.2,Fast growth (0.2)
fast growth,short,200,Exponential,227,19,"",4000,1,0,0,3,1647,0.41175,2.5,Dynamical and censoring adjusted,"",,,,1.2,0.4,3.59663972556928,1.49816719007286,3,"Short (mean: 3.6, sd: 1.5)",0.2,Fast growth (0.2)
fast growth,short,200,Exponential,228,20,"",4000,1,0,0,3,1567,0.39175,2.1,Dynamical and censoring adjusted,"",,,,1.2,0.4,3.59663972556928,1.49816719007286,3,"Short (mean: 3.6, sd: 1.5)",0.2,Fast growth (0.2)
growth,long,200,Exponential,229,1,"",4000,1,0,0,4,43,0.01075,2.7,Dynamical and censoring adjusted,"",,,,1.8,0.8,8.33113748768769,7.88814376435135,1,"Long (mean: 8.3, sd: 7.9)",0.1,Growth (0.1)
growth,long,200,Exponential,230,2,"",4000,1,0,0,4,84,0.021,2.6,Dynamical and censoring adjusted,"",,,,1.8,0.8,8.33113748768769,7.88814376435135,1,"Long (mean: 8.3, sd: 7.9)",0.1,Growth (0.1)
growth,long,200,Exponential,231,3,"",4000,1,0,0,4,60,0.015,2.6,Dynamical and censoring adjusted,"",,,,1.8,0.8,8.33113748768769,7.88814376435135,1,"Long (mean: 8.3, sd: 7.9)",0.1,Growth (0.1)
growth,long,200,Exponential,232,4,"",4000,1,0,0,4,4,0.001,2.5,Dynamical and censoring adjusted,"",,,,1.8,0.8,8.33113748768769,7.88814376435135,1,"Long (mean: 8.3, sd: 7.9)",0.1,Growth (0.1)
growth,long,200,Exponential,233,5,"",4000,1,0,0,3,1279,0.31975,2.5,Dynamical and censoring adjusted,"",,,,1.8,0.8,8.33113748768769,7.88814376435135,1,"Long (mean: 8.3, sd: 7.9)",0.1,Growth (0.1)
growth,long,200,Exponential,234,6,"",4000,1,0,0,4,30,0.0075,2.7,Dynamical and censoring adjusted,"",,,,1.8,0.8,8.33113748768769,7.88814376435135,1,"Long (mean: 8.3, sd: 7.9)",0.1,Growth (0.1)
growth,long,200,Exponential,235,7,"",4000,1,0,0,4,95,0.02375,2.6,Dynamical and censoring adjusted,"",,,,1.8,0.8,8.33113748768769,7.88814376435135,1,"Long (mean: 8.3, sd: 7.9)",0.1,Growth (0.1)
growth,long,200,Exponential,236,8,"",4000,1,0,0,4,106,0.0265,2.5,Dynamical and censoring adjusted,"",,,,1.8,0.8,8.33113748768769,7.88814376435135,1,"Long (mean: 8.3, sd: 7.9)",0.1,Growth (0.1)
growth,long,200,Exponential,237,9,"",4000,1,0,0,4,75,0.01875,2.7,Dynamical and censoring adjusted,"",,,,1.8,0.8,8.33113748768769,7.88814376435135,1,"Long (mean: 8.3, sd: 7.9)",0.1,Growth (0.1)
growth,long,200,Exponential,238,10,"",4000,1,0,0,4,39,0.00975,2.6,Dynamical and censoring adjusted,"",,,,1.8,0.8,8.33113748768769,7.88814376435135,1,"Long (mean: 8.3, sd: 7.9)",0.1,Growth (0.1)
growth,long,200,Exponential,239,11,"",4000,1,0,0,3,1531,0.38275,2.5,Dynamical and censoring adjusted,"",,,,1.8,0.8,8.33113748768769,7.88814376435135,1,"Long (mean: 8.3, sd: 7.9)",0.1,Growth (0.1)
growth,long,200,Exponential,240,12,"",4000,1.01,0,0,4,125,0.03125,2.8,Dynamical and censoring adjusted,"",,,,1.8,0.8,8.33113748768769,7.88814376435135,1,"Long (mean: 8.3, sd: 7.9)",0.1,Growth (0.1)
growth,long,200,Exponential,241,13,"",4000,1,0,0,3,1394,0.3485,2.4,Dynamical and censoring adjusted,"",,,,1.8,0.8,8.33113748768769,7.88814376435135,1,"Long (mean: 8.3, sd: 7.9)",0.1,Growth (0.1)
growth,long,200,Exponential,242,14,"",4000,1,0,0,4,138,0.0345,2.7,Dynamical and censoring adjusted,"",,,,1.8,0.8,8.33113748768769,7.88814376435135,1,"Long (mean: 8.3, sd: 7.9)",0.1,Growth (0.1)
growth,long,200,Exponential,243,15,"",4000,1,0,0,4,41,0.01025,2.5,Dynamical and censoring adjusted,"",,,,1.8,0.8,8.33113748768769,7.88814376435135,1,"Long (mean: 8.3, sd: 7.9)",0.1,Growth (0.1)
growth,long,200,Exponential,244,16,"",4000,1,0,0,4,111,0.02775,2.6,Dynamical and censoring adjusted,"",,,,1.8,0.8,8.33113748768769,7.88814376435135,1,"Long (mean: 8.3, sd: 7.9)",0.1,Growth (0.1)
growth,long,200,Exponential,245,17,"",4000,1,0,0,3,1207,0.30175,2.4,Dynamical and censoring adjusted,"",,,,1.8,0.8,8.33113748768769,7.88814376435135,1,"Long (mean: 8.3, sd: 7.9)",0.1,Growth (0.1)
growth,long,200,Exponential,246,18,"",4000,1,0,0,3,1314,0.3285,2.4,Dynamical and censoring adjusted,"",,,,1.8,0.8,8.33113748768769,7.88814376435135,1,"Long (mean: 8.3, sd: 7.9)",0.1,Growth (0.1)
growth,long,200,Exponential,247,19,"",4000,1,0,0,3,1429,0.35725,2.4,Dynamical and censoring adjusted,"",,,,1.8,0.8,8.33113748768769,7.88814376435135,1,"Long (mean: 8.3, sd: 7.9)",0.1,Growth (0.1)
growth,long,200,Exponential,248,20,"",4000,1,0,0,4,79,0.01975,2.6,Dynamical and censoring adjusted,"",,,,1.8,0.8,8.33113748768769,7.88814376435135,1,"Long (mean: 8.3, sd: 7.9)",0.1,Growth (0.1)
growth,medium,200,Exponential,249,1,"",4000,1,0,0,3,1606,0.4015,2.5,Dynamical and censoring adjusted,"",,,,1.6,0.6,5.92985641859115,3.90349172318309,2,"Medium (mean: 5.9, sd: 3.9)",0.1,Growth (0.1)
growth,medium,200,Exponential,250,2,"",4000,1,0,0,3,1655,0.41375,2.5,Dynamical and censoring adjusted,"",,,,1.6,0.6,5.92985641859115,3.90349172318309,2,"Medium (mean: 5.9, sd: 3.9)",0.1,Growth (0.1)
growth,medium,200,Exponential,251,3,"",4000,1,0,0,4,1,0.00025,2.6,Dynamical and censoring adjusted,"",,,,1.6,0.6,5.92985641859115,3.90349172318309,2,"Medium (mean: 5.9, sd: 3.9)",0.1,Growth (0.1)
growth,medium,200,Exponential,252,4,"",4000,1,0,0,3,1553,0.38825,2.4,Dynamical and censoring adjusted,"",,,,1.6,0.6,5.92985641859115,3.90349172318309,2,"Medium (mean: 5.9, sd: 3.9)",0.1,Growth (0.1)
growth,medium,200,Exponential,253,5,"",4000,1,0,0,3,1695,0.42375,2.5,Dynamical and censoring adjusted,"",,,,1.6,0.6,5.92985641859115,3.90349172318309,2,"Medium (mean: 5.9, sd: 3.9)",0.1,Growth (0.1)
growth,medium,200,Exponential,254,6,"",4000,1,0,0,3,1531,0.38275,2.5,Dynamical and censoring adjusted,"",,,,1.6,0.6,5.92985641859115,3.90349172318309,2,"Medium (mean: 5.9, sd: 3.9)",0.1,Growth (0.1)
growth,medium,200,Exponential,255,7,"",4000,1,0,0,3,1458,0.3645,2.5,Dynamical and censoring adjusted,"",,,,1.6,0.6,5.92985641859115,3.90349172318309,2,"Medium (mean: 5.9, sd: 3.9)",0.1,Growth (0.1)
growth,medium,200,Exponential,256,8,"",4000,1,0,0,3,1651,0.41275,2.5,Dynamical and censoring adjusted,"",,,,1.6,0.6,5.92985641859115,3.90349172318309,2,"Medium (mean: 5.9, sd: 3.9)",0.1,Growth (0.1)
growth,medium,200,Exponential,257,9,"",4000,1,0,0,3,1539,0.38475,2.4,Dynamical and censoring adjusted,"",,,,1.6,0.6,5.92985641859115,3.90349172318309,2,"Medium (mean: 5.9, sd: 3.9)",0.1,Growth (0.1)
growth,medium,200,Exponential,258,10,"",4000,1,0,0,3,1531,0.38275,2.5,Dynamical and censoring adjusted,"",,,,1.6,0.6,5.92985641859115,3.90349172318309,2,"Medium (mean: 5.9, sd: 3.9)",0.1,Growth (0.1)
growth,medium,200,Exponential,259,11,"",4000,1,0,0,3,1500,0.375,2.5,Dynamical and censoring adjusted,"",,,,1.6,0.6,5.92985641859115,3.90349172318309,2,"Medium (mean: 5.9, sd: 3.9)",0.1,Growth (0.1)
growth,medium,200,Exponential,260,12,"",4000,1,0,0,3,1474,0.3685,2.5,Dynamical and censoring adjusted,"",,,,1.6,0.6,5.92985641859115,3.90349172318309,2,"Medium (mean: 5.9, sd: 3.9)",0.1,Growth (0.1)
growth,medium,200,Exponential,261,13,"",4000,1,0,0,3,1612,0.403,2.5,Dynamical and censoring adjusted,"",,,,1.6,0.6,5.92985641859115,3.90349172318309,2,"Medium (mean: 5.9, sd: 3.9)",0.1,Growth (0.1)
growth,medium,200,Exponential,262,14,"",4000,1,0,0,3,1551,0.38775,2.5,Dynamical and censoring adjusted,"",,,,1.6,0.6,5.92985641859115,3.90349172318309,2,"Medium (mean: 5.9, sd: 3.9)",0.1,Growth (0.1)
growth,medium,200,Exponential,263,15,"",4000,1,0,0,3,1367,0.34175,2.4,Dynamical and censoring adjusted,"",,,,1.6,0.6,5.92985641859115,3.90349172318309,2,"Medium (mean: 5.9, sd: 3.9)",0.1,Growth (0.1)
growth,medium,200,Exponential,264,16,"",4000,1,0,0,3,1491,0.37275,2.5,Dynamical and censoring adjusted,"",,,,1.6,0.6,5.92985641859115,3.90349172318309,2,"Medium (mean: 5.9, sd: 3.9)",0.1,Growth (0.1)
growth,medium,200,Exponential,265,17,"",4000,1,0,0,3,1213,0.30325,2.5,Dynamical and censoring adjusted,"",,,,1.6,0.6,5.92985641859115,3.90349172318309,2,"Medium (mean: 5.9, sd: 3.9)",0.1,Growth (0.1)
growth,medium,200,Exponential,266,18,"",4000,1.01,0,0,3,1466,0.3665,2.5,Dynamical and censoring adjusted,"",,,,1.6,0.6,5.92985641859115,3.90349172318309,2,"Medium (mean: 5.9, sd: 3.9)",0.1,Growth (0.1)
growth,medium,200,Exponential,267,19,"",4000,1.01,0,0,3,1790,0.4475,2.4,Dynamical and censoring adjusted,"",,,,1.6,0.6,5.92985641859115,3.90349172318309,2,"Medium (mean: 5.9, sd: 3.9)",0.1,Growth (0.1)
growth,medium,200,Exponential,268,20,"",4000,1,0,0,3,1277,0.31925,2.2,Dynamical and censoring adjusted,"",,,,1.6,0.6,5.92985641859115,3.90349172318309,2,"Medium (mean: 5.9, sd: 3.9)",0.1,Growth (0.1)
growth,short,200,Exponential,269,1,"",4000,1.01,0,0,3,1675,0.41875,2.6,Dynamical and censoring adjusted,"",,,,1.2,0.4,3.59663972556928,1.49816719007286,3,"Short (mean: 3.6, sd: 1.5)",0.1,Growth (0.1)
growth,short,200,Exponential,270,2,"",4000,1.01,0,0,3,1457,0.36425,2.6,Dynamical and censoring adjusted,"",,,,1.2,0.4,3.59663972556928,1.49816719007286,3,"Short (mean: 3.6, sd: 1.5)",0.1,Growth (0.1)
growth,short,200,Exponential,271,3,"",4000,1,0,0,3,1580,0.395,2.5,Dynamical and censoring adjusted,"",,,,1.2,0.4,3.59663972556928,1.49816719007286,3,"Short (mean: 3.6, sd: 1.5)",0.1,Growth (0.1)
growth,short,200,Exponential,272,4,"",4000,1,0,0,3,1678,0.4195,2.6,Dynamical and censoring adjusted,"",,,,1.2,0.4,3.59663972556928,1.49816719007286,3,"Short (mean: 3.6, sd: 1.5)",0.1,Growth (0.1)
growth,short,200,Exponential,273,5,"",4000,1,0,0,3,1634,0.4085,2.5,Dynamical and censoring adjusted,"",,,,1.2,0.4,3.59663972556928,1.49816719007286,3,"Short (mean: 3.6, sd: 1.5)",0.1,Growth (0.1)
growth,short,200,Exponential,274,6,"",4000,1,0,0,3,1655,0.41375,2.6,Dynamical and censoring adjusted,"",,,,1.2,0.4,3.59663972556928,1.49816719007286,3,"Short (mean: 3.6, sd: 1.5)",0.1,Growth (0.1)
growth,short,200,Exponential,275,7,"",4000,1,0,0,3,1704,0.426,2.7,Dynamical and censoring adjusted,"",,,,1.2,0.4,3.59663972556928,1.49816719007286,3,"Short (mean: 3.6, sd: 1.5)",0.1,Growth (0.1)
growth,short,200,Exponential,276,8,"",4000,1,0,0,3,1600,0.4,2.6,Dynamical and censoring adjusted,"",,,,1.2,0.4,3.59663972556928,1.49816719007286,3,"Short (mean: 3.6, sd: 1.5)",0.1,Growth (0.1)
growth,short,200,Exponential,277,9,"",4000,1,0,0,3,1722,0.4305,2.6,Dynamical and censoring adjusted,"",,,,1.2,0.4,3.59663972556928,1.49816719007286,3,"Short (mean: 3.6, sd: 1.5)",0.1,Growth (0.1)
growth,short,200,Exponential,278,10,"",4000,1,0,0,3,1630,0.4075,2.6,Dynamical and censoring adjusted,"",,,,1.2,0.4,3.59663972556928,1.49816719007286,3,"Short (mean: 3.6, sd: 1.5)",0.1,Growth (0.1)
growth,short,200,Exponential,279,11,"",4000,1,0,0,3,1572,0.393,2.6,Dynamical and censoring adjusted,"",,,,1.2,0.4,3.59663972556928,1.49816719007286,3,"Short (mean: 3.6, sd: 1.5)",0.1,Growth (0.1)
growth,short,200,Exponential,280,12,"",4000,1,0,0,3,1529,0.38225,2.6,Dynamical and censoring adjusted,"",,,,1.2,0.4,3.59663972556928,1.49816719007286,3,"Short (mean: 3.6, sd: 1.5)",0.1,Growth (0.1)
growth,short,200,Exponential,281,13,"",4000,1,0,0,3,1456,0.364,2.6,Dynamical and censoring adjusted,"",,,,1.2,0.4,3.59663972556928,1.49816719007286,3,"Short (mean: 3.6, sd: 1.5)",0.1,Growth (0.1)
growth,short,200,Exponential,282,14,"",4000,1.01,0,0,3,1627,0.40675,2.6,Dynamical and censoring adjusted,"",,,,1.2,0.4,3.59663972556928,1.49816719007286,3,"Short (mean: 3.6, sd: 1.5)",0.1,Growth (0.1)
growth,short,200,Exponential,283,15,"",4000,1.01,0,0,3,1602,0.4005,2.5,Dynamical and censoring adjusted,"",,,,1.2,0.4,3.59663972556928,1.49816719007286,3,"Short (mean: 3.6, sd: 1.5)",0.1,Growth (0.1)
growth,short,200,Exponential,284,16,"",4000,1,0,0,3,1502,0.3755,2.6,Dynamical and censoring adjusted,"",,,,1.2,0.4,3.59663972556928,1.49816719007286,3,"Short (mean: 3.6, sd: 1.5)",0.1,Growth (0.1)
growth,short,200,Exponential,285,17,"",4000,1,0,0,3,1417,0.35425,2.5,Dynamical and censoring adjusted,"",,,,1.2,0.4,3.59663972556928,1.49816719007286,3,"Short (mean: 3.6, sd: 1.5)",0.1,Growth (0.1)
growth,short,200,Exponential,286,18,"",4000,1,0,0,3,1681,0.42025,2.6,Dynamical and censoring adjusted,"",,,,1.2,0.4,3.59663972556928,1.49816719007286,3,"Short (mean: 3.6, sd: 1.5)",0.1,Growth (0.1)
growth,short,200,Exponential,287,19,"",4000,1.01,14,0.0035,3,1336,0.334,2.5,Dynamical and censoring adjusted,"",,,,1.2,0.4,3.59663972556928,1.49816719007286,3,"Short (mean: 3.6, sd: 1.5)",0.1,Growth (0.1)
growth,short,200,Exponential,288,20,"",4000,1.01,0,0,3,1542,0.3855,2.6,Dynamical and censoring adjusted,"",,,,1.2,0.4,3.59663972556928,1.49816719007286,3,"Short (mean: 3.6, sd: 1.5)",0.1,Growth (0.1)
late outbreak,long,10,Outbreak,4,1,"",4000,1.01,0,0,5,14,0.0035,3.8,Dynamical and censoring adjusted,"",60,2,late outbreak (day 60),1.8,0.8,8.33113748768769,7.88814376435135,1,"Long (mean: 8.3, sd: 7.9)",,
late outbreak,long,100,Outbreak,16,1,"",4000,1,0,0,4,3,0.00075,6.5,Dynamical and censoring adjusted,"",60,2,late outbreak (day 60),1.8,0.8,8.33113748768769,7.88814376435135,1,"Long (mean: 8.3, sd: 7.9)",,
late outbreak,long,200,Outbreak,28,1,"",4000,1,0,0,4,59,0.01475,7.2,Dynamical and censoring adjusted,"",60,2,late outbreak (day 60),1.8,0.8,8.33113748768769,7.88814376435135,1,"Long (mean: 8.3, sd: 7.9)",,
late outbreak,long,400,Outbreak,40,1,"",4000,1,0,0,3,1405,0.35125,7.8,Dynamical and censoring adjusted,"",60,2,late outbreak (day 60),1.8,0.8,8.33113748768769,7.88814376435135,1,"Long (mean: 8.3, sd: 7.9)",,
late outbreak,medium,10,Outbreak,5,1,"",4000,1.01,0,0,5,12,0.003,6.2,Dynamical and censoring adjusted,"",60,2,late outbreak (day 60),1.6,0.6,5.92985641859115,3.90349172318309,2,"Medium (mean: 5.9, sd: 3.9)",,
late outbreak,medium,100,Outbreak,17,1,"",4000,1,0,0,3,1580,0.395,6.8,Dynamical and censoring adjusted,"",60,2,late outbreak (day 60),1.6,0.6,5.92985641859115,3.90349172318309,2,"Medium (mean: 5.9, sd: 3.9)",,
late outbreak,medium,200,Outbreak,29,1,"",4000,1,0,0,3,1649,0.41225,6.6,Dynamical and censoring adjusted,"",60,2,late outbreak (day 60),1.6,0.6,5.92985641859115,3.90349172318309,2,"Medium (mean: 5.9, sd: 3.9)",,
late outbreak,medium,400,Outbreak,41,1,"",4000,1,0,0,3,1655,0.41375,8.1,Dynamical and censoring adjusted,"",60,2,late outbreak (day 60),1.6,0.6,5.92985641859115,3.90349172318309,2,"Medium (mean: 5.9, sd: 3.9)",,
late outbreak,short,10,Outbreak,6,1,"",4000,1.03,3091,0.77275,7,11,0.00275,10.3,Dynamical and censoring adjusted,"",60,2,late outbreak (day 60),1.2,0.4,3.59663972556928,1.49816719007286,3,"Short (mean: 3.6, sd: 1.5)",,
late outbreak,short,100,Outbreak,18,1,"",4000,2.08,2236,0.559,7,100,0.025,33.9,Dynamical and censoring adjusted,"",60,2,late outbreak (day 60),1.2,0.4,3.59663972556928,1.49816719007286,3,"Short (mean: 3.6, sd: 1.5)",,
late outbreak,short,200,Outbreak,30,1,"",4000,1,117,0.02925,4,56,0.014,15.5,Dynamical and censoring adjusted,"",60,2,late outbreak (day 60),1.2,0.4,3.59663972556928,1.49816719007286,3,"Short (mean: 3.6, sd: 1.5)",,
late outbreak,short,400,Outbreak,42,1,"",4000,2.09,2101,0.52525,8,7,0.00175,48.4,Dynamical and censoring adjusted,"",60,2,late outbreak (day 60),1.2,0.4,3.59663972556928,1.49816719007286,3,"Short (mean: 3.6, sd: 1.5)",,
near peak,long,10,Outbreak,7,1,"",4000,1.01,2,5e-04,6,3,0.00075,2.1,Dynamical and censoring adjusted,"",30,3,near peak (day 30),1.8,0.8,8.33113748768769,7.88814376435135,1,"Long (mean: 8.3, sd: 7.9)",,
near peak,long,100,Outbreak,19,1,"",4000,1,0,0,4,163,0.04075,2.3,Dynamical and censoring adjusted,"",30,3,near peak (day 30),1.8,0.8,8.33113748768769,7.88814376435135,1,"Long (mean: 8.3, sd: 7.9)",,
near peak,long,200,Outbreak,31,1,"",4000,1,0,0,4,113,0.02825,2.7,Dynamical and censoring adjusted,"",30,3,near peak (day 30),1.8,0.8,8.33113748768769,7.88814376435135,1,"Long (mean: 8.3, sd: 7.9)",,
near peak,long,400,Outbreak,43,1,"",4000,1,0,0,3,1164,0.291,3.3,Dynamical and censoring adjusted,"",30,3,near peak (day 30),1.8,0.8,8.33113748768769,7.88814376435135,1,"Long (mean: 8.3, sd: 7.9)",,
near peak,medium,10,Outbreak,8,1,"",4000,1.02,11,0.00275,6,7,0.00175,1.2,Dynamical and censoring adjusted,"",30,3,near peak (day 30),1.6,0.6,5.92985641859115,3.90349172318309,2,"Medium (mean: 5.9, sd: 3.9)",,
near peak,medium,100,Outbreak,20,1,"",4000,1,0,0,4,1,0.00025,2.1,Dynamical and censoring adjusted,"",30,3,near peak (day 30),1.6,0.6,5.92985641859115,3.90349172318309,2,"Medium (mean: 5.9, sd: 3.9)",,
near peak,medium,200,Outbreak,32,1,"",4000,1,0,0,3,1331,0.33275,2.4,Dynamical and censoring adjusted,"",30,3,near peak (day 30),1.6,0.6,5.92985641859115,3.90349172318309,2,"Medium (mean: 5.9, sd: 3.9)",,
near peak,medium,400,Outbreak,44,1,"",4000,1,0,0,3,1591,0.39775,3.3,Dynamical and censoring adjusted,"",30,3,near peak (day 30),1.6,0.6,5.92985641859115,3.90349172318309,2,"Medium (mean: 5.9, sd: 3.9)",,
near peak,short,10,Outbreak,9,1,"",4000,1.01,1980,0.495,6,9,0.00225,3.9,Dynamical and censoring adjusted,"",30,3,near peak (day 30),1.2,0.4,3.59663972556928,1.49816719007286,3,"Short (mean: 3.6, sd: 1.5)",,
near peak,short,100,Outbreak,21,1,"",4000,1,5,0.00125,3,1588,0.397,2.1,Dynamical and censoring adjusted,"",30,3,near peak (day 30),1.2,0.4,3.59663972556928,1.49816719007286,3,"Short (mean: 3.6, sd: 1.5)",,
near peak,short,200,Outbreak,33,1,"",4000,1,65,0.01625,3,1754,0.4385,2.8,Dynamical and censoring adjusted,"",30,3,near peak (day 30),1.2,0.4,3.59663972556928,1.49816719007286,3,"Short (mean: 3.6, sd: 1.5)",,
near peak,short,400,Outbreak,45,1,"",4000,1,0,0,3,1553,0.38825,3.3,Dynamical and censoring adjusted,"",30,3,near peak (day 30),1.2,0.4,3.59663972556928,1.49816719007286,3,"Short (mean: 3.6, sd: 1.5)",,
past peak,long,10,Outbreak,10,1,"",4000,1.01,261,0.06525,6,3,0.00075,5.4,Dynamical and censoring adjusted,"",45,4,past peak (day 45),1.8,0.8,8.33113748768769,7.88814376435135,1,"Long (mean: 8.3, sd: 7.9)",,
past peak,long,100,Outbreak,22,1,"",4000,1,0,0,4,80,0.02,4.2,Dynamical and censoring adjusted,"",45,4,past peak (day 45),1.8,0.8,8.33113748768769,7.88814376435135,1,"Long (mean: 8.3, sd: 7.9)",,
past peak,long,200,Outbreak,34,1,"",4000,1,0,0,3,1553,0.38825,4.4,Dynamical and censoring adjusted,"",45,4,past peak (day 45),1.8,0.8,8.33113748768769,7.88814376435135,1,"Long (mean: 8.3, sd: 7.9)",,
past peak,long,400,Outbreak,46,1,"",4000,1,0,0,3,1420,0.355,5.1,Dynamical and censoring adjusted,"",45,4,past peak (day 45),1.8,0.8,8.33113748768769,7.88814376435135,1,"Long (mean: 8.3, sd: 7.9)",,
past peak,medium,10,Outbreak,11,1,"",4000,1.01,0,0,5,14,0.0035,3.9,Dynamical and censoring adjusted,"",45,4,past peak (day 45),1.6,0.6,5.92985641859115,3.90349172318309,2,"Medium (mean: 5.9, sd: 3.9)",,
past peak,medium,100,Outbreak,23,1,"",4000,1,0,0,3,1522,0.3805,3.2,Dynamical and censoring adjusted,"",45,4,past peak (day 45),1.6,0.6,5.92985641859115,3.90349172318309,2,"Medium (mean: 5.9, sd: 3.9)",,
past peak,medium,200,Outbreak,35,1,"",4000,1,0,0,3,1646,0.4115,4.6,Dynamical and censoring adjusted,"",45,4,past peak (day 45),1.6,0.6,5.92985641859115,3.90349172318309,2,"Medium (mean: 5.9, sd: 3.9)",,
past peak,medium,400,Outbreak,47,1,"",4000,1,0,0,3,1524,0.381,5.2,Dynamical and censoring adjusted,"",45,4,past peak (day 45),1.6,0.6,5.92985641859115,3.90349172318309,2,"Medium (mean: 5.9, sd: 3.9)",,
past peak,short,10,Outbreak,12,1,"",4000,1.01,5,0.00125,5,3,0.00075,2.5,Dynamical and censoring adjusted,"",45,4,past peak (day 45),1.2,0.4,3.59663972556928,1.49816719007286,3,"Short (mean: 3.6, sd: 1.5)",,
past peak,short,100,Outbreak,24,1,"",4000,1,424,0.106,6,115,0.02875,13.1,Dynamical and censoring adjusted,"",45,4,past peak (day 45),1.2,0.4,3.59663972556928,1.49816719007286,3,"Short (mean: 3.6, sd: 1.5)",,
past peak,short,200,Outbreak,36,1,"",4000,1.01,17,0.00425,3,1411,0.35275,4.6,Dynamical and censoring adjusted,"",45,4,past peak (day 45),1.2,0.4,3.59663972556928,1.49816719007286,3,"Short (mean: 3.6, sd: 1.5)",,
past peak,short,400,Outbreak,48,1,"",4000,1,13,0.00325,4,70,0.0175,6,Dynamical and censoring adjusted,"",45,4,past peak (day 45),1.2,0.4,3.59663972556928,1.49816719007286,3,"Short (mean: 3.6, sd: 1.5)",,
stable,long,200,Exponential,289,1,"",4000,1,0,0,3,1532,0.383,2.4,Dynamical and censoring adjusted,"",,,,1.8,0.8,8.33113748768769,7.88814376435135,1,"Long (mean: 8.3, sd: 7.9)",0,Stable (0)
stable,long,200,Exponential,290,2,"",4000,1,0,0,3,1641,0.41025,2.4,Dynamical and censoring adjusted,"",,,,1.8,0.8,8.33113748768769,7.88814376435135,1,"Long (mean: 8.3, sd: 7.9)",0,Stable (0)
stable,long,200,Exponential,291,3,"",4000,1,0,0,4,2,5e-04,2.4,Dynamical and censoring adjusted,"",,,,1.8,0.8,8.33113748768769,7.88814376435135,1,"Long (mean: 8.3, sd: 7.9)",0,Stable (0)
stable,long,200,Exponential,292,4,"",4000,1,0,0,3,1613,0.40325,2.4,Dynamical and censoring adjusted,"",,,,1.8,0.8,8.33113748768769,7.88814376435135,1,"Long (mean: 8.3, sd: 7.9)",0,Stable (0)
stable,long,200,Exponential,293,5,"",4000,1,0,0,4,17,0.00425,2.5,Dynamical and censoring adjusted,"",,,,1.8,0.8,8.33113748768769,7.88814376435135,1,"Long (mean: 8.3, sd: 7.9)",0,Stable (0)
stable,long,200,Exponential,294,6,"",4000,1,0,0,4,91,0.02275,2.5,Dynamical and censoring adjusted,"",,,,1.8,0.8,8.33113748768769,7.88814376435135,1,"Long (mean: 8.3, sd: 7.9)",0,Stable (0)
stable,long,200,Exponential,295,7,"",4000,1,0,0,4,1,0.00025,2.4,Dynamical and censoring adjusted,"",,,,1.8,0.8,8.33113748768769,7.88814376435135,1,"Long (mean: 8.3, sd: 7.9)",0,Stable (0)
stable,long,200,Exponential,296,8,"",4000,1,0,0,3,1424,0.356,2.4,Dynamical and censoring adjusted,"",,,,1.8,0.8,8.33113748768769,7.88814376435135,1,"Long (mean: 8.3, sd: 7.9)",0,Stable (0)
stable,long,200,Exponential,297,9,"",4000,1,0,0,3,1378,0.3445,2.4,Dynamical and censoring adjusted,"",,,,1.8,0.8,8.33113748768769,7.88814376435135,1,"Long (mean: 8.3, sd: 7.9)",0,Stable (0)
stable,long,200,Exponential,298,10,"",4000,1,0,0,3,1416,0.354,2.4,Dynamical and censoring adjusted,"",,,,1.8,0.8,8.33113748768769,7.88814376435135,1,"Long (mean: 8.3, sd: 7.9)",0,Stable (0)
stable,long,200,Exponential,299,11,"",4000,1,0,0,3,1637,0.40925,2.4,Dynamical and censoring adjusted,"",,,,1.8,0.8,8.33113748768769,7.88814376435135,1,"Long (mean: 8.3, sd: 7.9)",0,Stable (0)
stable,long,200,Exponential,300,12,"",4000,1,0,0,4,1,0.00025,2.5,Dynamical and censoring adjusted,"",,,,1.8,0.8,8.33113748768769,7.88814376435135,1,"Long (mean: 8.3, sd: 7.9)",0,Stable (0)
stable,long,200,Exponential,301,13,"",4000,1,0,0,4,132,0.033,2.7,Dynamical and censoring adjusted,"",,,,1.8,0.8,8.33113748768769,7.88814376435135,1,"Long (mean: 8.3, sd: 7.9)",0,Stable (0)
stable,long,200,Exponential,302,14,"",4000,1,0,0,3,1298,0.3245,2.3,Dynamical and censoring adjusted,"",,,,1.8,0.8,8.33113748768769,7.88814376435135,1,"Long (mean: 8.3, sd: 7.9)",0,Stable (0)
stable,long,200,Exponential,303,15,"",4000,1,0,0,3,1269,0.31725,2.4,Dynamical and censoring adjusted,"",,,,1.8,0.8,8.33113748768769,7.88814376435135,1,"Long (mean: 8.3, sd: 7.9)",0,Stable (0)
stable,long,200,Exponential,304,16,"",4000,1,0,0,4,55,0.01375,2.6,Dynamical and censoring adjusted,"",,,,1.8,0.8,8.33113748768769,7.88814376435135,1,"Long (mean: 8.3, sd: 7.9)",0,Stable (0)
stable,long,200,Exponential,305,17,"",4000,1,0,0,4,40,0.01,2.6,Dynamical and censoring adjusted,"",,,,1.8,0.8,8.33113748768769,7.88814376435135,1,"Long (mean: 8.3, sd: 7.9)",0,Stable (0)
stable,long,200,Exponential,306,18,"",4000,1,0,0,3,1617,0.40425,2.4,Dynamical and censoring adjusted,"",,,,1.8,0.8,8.33113748768769,7.88814376435135,1,"Long (mean: 8.3, sd: 7.9)",0,Stable (0)
stable,long,200,Exponential,307,19,"",4000,1,0,0,3,1611,0.40275,2.4,Dynamical and censoring adjusted,"",,,,1.8,0.8,8.33113748768769,7.88814376435135,1,"Long (mean: 8.3, sd: 7.9)",0,Stable (0)
stable,long,200,Exponential,308,20,"",4000,1,0,0,4,14,0.0035,2.5,Dynamical and censoring adjusted,"",,,,1.8,0.8,8.33113748768769,7.88814376435135,1,"Long (mean: 8.3, sd: 7.9)",0,Stable (0)
stable,medium,200,Exponential,309,1,"",4000,1,0,0,3,1802,0.4505,2.6,Dynamical and censoring adjusted,"",,,,1.6,0.6,5.92985641859115,3.90349172318309,2,"Medium (mean: 5.9, sd: 3.9)",0,Stable (0)
stable,medium,200,Exponential,310,2,"",4000,1,0,0,3,1646,0.4115,2.5,Dynamical and censoring adjusted,"",,,,1.6,0.6,5.92985641859115,3.90349172318309,2,"Medium (mean: 5.9, sd: 3.9)",0,Stable (0)
stable,medium,200,Exponential,311,3,"",4000,1,0,0,3,1685,0.42125,2.4,Dynamical and censoring adjusted,"",,,,1.6,0.6,5.92985641859115,3.90349172318309,2,"Medium (mean: 5.9, sd: 3.9)",0,Stable (0)
stable,medium,200,Exponential,312,4,"",4000,1,0,0,3,1625,0.40625,2.4,Dynamical and censoring adjusted,"",,,,1.6,0.6,5.92985641859115,3.90349172318309,2,"Medium (mean: 5.9, sd: 3.9)",0,Stable (0)
stable,medium,200,Exponential,313,5,"",4000,1,0,0,3,1591,0.39775,2.5,Dynamical and censoring adjusted,"",,,,1.6,0.6,5.92985641859115,3.90349172318309,2,"Medium (mean: 5.9, sd: 3.9)",0,Stable (0)
stable,medium,200,Exponential,314,6,"",4000,1,0,0,3,1583,0.39575,2.4,Dynamical and censoring adjusted,"",,,,1.6,0.6,5.92985641859115,3.90349172318309,2,"Medium (mean: 5.9, sd: 3.9)",0,Stable (0)
stable,medium,200,Exponential,315,7,"",4000,1,0,0,3,1526,0.3815,2.5,Dynamical and censoring adjusted,"",,,,1.6,0.6,5.92985641859115,3.90349172318309,2,"Medium (mean: 5.9, sd: 3.9)",0,Stable (0)
stable,medium,200,Exponential,316,8,"",4000,1,0,0,3,1624,0.406,2.5,Dynamical and censoring adjusted,"",,,,1.6,0.6,5.92985641859115,3.90349172318309,2,"Medium (mean: 5.9, sd: 3.9)",0,Stable (0)
stable,medium,200,Exponential,317,9,"",4000,1,0,0,3,1681,0.42025,2.5,Dynamical and censoring adjusted,"",,,,1.6,0.6,5.92985641859115,3.90349172318309,2,"Medium (mean: 5.9, sd: 3.9)",0,Stable (0)
stable,medium,200,Exponential,318,10,"",4000,1,0,0,3,1556,0.389,2.4,Dynamical and censoring adjusted,"",,,,1.6,0.6,5.92985641859115,3.90349172318309,2,"Medium (mean: 5.9, sd: 3.9)",0,Stable (0)
stable,medium,200,Exponential,319,11,"",4000,1,0,0,3,1657,0.41425,2.4,Dynamical and censoring adjusted,"",,,,1.6,0.6,5.92985641859115,3.90349172318309,2,"Medium (mean: 5.9, sd: 3.9)",0,Stable (0)
stable,medium,200,Exponential,320,12,"",4000,1,0,0,3,1493,0.37325,2.4,Dynamical and censoring adjusted,"",,,,1.6,0.6,5.92985641859115,3.90349172318309,2,"Medium (mean: 5.9, sd: 3.9)",0,Stable (0)
stable,medium,200,Exponential,321,13,"",4000,1,0,0,3,1634,0.4085,2.4,Dynamical and censoring adjusted,"",,,,1.6,0.6,5.92985641859115,3.90349172318309,2,"Medium (mean: 5.9, sd: 3.9)",0,Stable (0)
stable,medium,200,Exponential,322,14,"",4000,1,0,0,3,1479,0.36975,2.4,Dynamical and censoring adjusted,"",,,,1.6,0.6,5.92985641859115,3.90349172318309,2,"Medium (mean: 5.9, sd: 3.9)",0,Stable (0)
stable,medium,200,Exponential,323,15,"",4000,1.01,0,0,3,1553,0.38825,2.4,Dynamical and censoring adjusted,"",,,,1.6,0.6,5.92985641859115,3.90349172318309,2,"Medium (mean: 5.9, sd: 3.9)",0,Stable (0)
stable,medium,200,Exponential,324,16,"",4000,1,0,0,3,1494,0.3735,2.4,Dynamical and censoring adjusted,"",,,,1.6,0.6,5.92985641859115,3.90349172318309,2,"Medium (mean: 5.9, sd: 3.9)",0,Stable (0)
stable,medium,200,Exponential,325,17,"",4000,1,0,0,3,1672,0.418,2.5,Dynamical and censoring adjusted,"",,,,1.6,0.6,5.92985641859115,3.90349172318309,2,"Medium (mean: 5.9, sd: 3.9)",0,Stable (0)
stable,medium,200,Exponential,326,18,"",4000,1,0,0,3,1565,0.39125,2.5,Dynamical and censoring adjusted,"",,,,1.6,0.6,5.92985641859115,3.90349172318309,2,"Medium (mean: 5.9, sd: 3.9)",0,Stable (0)
stable,medium,200,Exponential,327,19,"",4000,1,0,0,3,1630,0.4075,2.5,Dynamical and censoring adjusted,"",,,,1.6,0.6,5.92985641859115,3.90349172318309,2,"Medium (mean: 5.9, sd: 3.9)",0,Stable (0)
stable,medium,200,Exponential,328,20,"",4000,1,0,0,3,1656,0.414,2.5,Dynamical and censoring adjusted,"",,,,1.6,0.6,5.92985641859115,3.90349172318309,2,"Medium (mean: 5.9, sd: 3.9)",0,Stable (0)
stable,short,200,Exponential,329,1,"",4000,1,0,0,3,1478,0.3695,2.5,Dynamical and censoring adjusted,"",,,,1.2,0.4,3.59663972556928,1.49816719007286,3,"Short (mean: 3.6, sd: 1.5)",0,Stable (0)
stable,short,200,Exponential,330,2,"",4000,1,0,0,3,1441,0.36025,2.5,Dynamical and censoring adjusted,"",,,,1.2,0.4,3.59663972556928,1.49816719007286,3,"Short (mean: 3.6, sd: 1.5)",0,Stable (0)
stable,short,200,Exponential,331,3,"",4000,1,14,0.0035,4,1,0.00025,2.8,Dynamical and censoring adjusted,"",,,,1.2,0.4,3.59663972556928,1.49816719007286,3,"Short (mean: 3.6, sd: 1.5)",0,Stable (0)
stable,short,200,Exponential,332,4,"",4000,1,0,0,3,1520,0.38,2.5,Dynamical and censoring adjusted,"",,,,1.2,0.4,3.59663972556928,1.49816719007286,3,"Short (mean: 3.6, sd: 1.5)",0,Stable (0)
stable,short,200,Exponential,333,5,"",4000,1,0,0,3,1552,0.388,2.5,Dynamical and censoring adjusted,"",,,,1.2,0.4,3.59663972556928,1.49816719007286,3,"Short (mean: 3.6, sd: 1.5)",0,Stable (0)
stable,short,200,Exponential,334,6,"",4000,1,0,0,3,1486,0.3715,2.5,Dynamical and censoring adjusted,"",,,,1.2,0.4,3.59663972556928,1.49816719007286,3,"Short (mean: 3.6, sd: 1.5)",0,Stable (0)
stable,short,200,Exponential,335,7,"",4000,1,0,0,3,1509,0.37725,2.5,Dynamical and censoring adjusted,"",,,,1.2,0.4,3.59663972556928,1.49816719007286,3,"Short (mean: 3.6, sd: 1.5)",0,Stable (0)
stable,short,200,Exponential,336,8,"",4000,1,0,0,3,1768,0.442,2.6,Dynamical and censoring adjusted,"",,,,1.2,0.4,3.59663972556928,1.49816719007286,3,"Short (mean: 3.6, sd: 1.5)",0,Stable (0)
stable,short,200,Exponential,337,9,"",4000,1,0,0,3,1567,0.39175,2.5,Dynamical and censoring adjusted,"",,,,1.2,0.4,3.59663972556928,1.49816719007286,3,"Short (mean: 3.6, sd: 1.5)",0,Stable (0)
stable,short,200,Exponential,338,10,"",4000,1,0,0,3,1478,0.3695,2.5,Dynamical and censoring adjusted,"",,,,1.2,0.4,3.59663972556928,1.49816719007286,3,"Short (mean: 3.6, sd: 1.5)",0,Stable (0)
stable,short,200,Exponential,339,11,"",4000,1,0,0,3,1532,0.383,2.6,Dynamical and censoring adjusted,"",,,,1.2,0.4,3.59663972556928,1.49816719007286,3,"Short (mean: 3.6, sd: 1.5)",0,Stable (0)
stable,short,200,Exponential,340,12,"",4000,1,0,0,3,1743,0.43575,2.6,Dynamical and censoring adjusted,"",,,,1.2,0.4,3.59663972556928,1.49816719007286,3,"Short (mean: 3.6, sd: 1.5)",0,Stable (0)
stable,short,200,Exponential,341,13,"",4000,1,0,0,4,23,0.00575,2.7,Dynamical and censoring adjusted,"",,,,1.2,0.4,3.59663972556928,1.49816719007286,3,"Short (mean: 3.6, sd: 1.5)",0,Stable (0)
stable,short,200,Exponential,342,14,"",4000,1,0,0,3,1553,0.38825,2.6,Dynamical and censoring adjusted,"",,,,1.2,0.4,3.59663972556928,1.49816719007286,3,"Short (mean: 3.6, sd: 1.5)",0,Stable (0)
stable,short,200,Exponential,343,15,"",4000,1,2,5e-04,3,1617,0.40425,2.6,Dynamical and censoring adjusted,"",,,,1.2,0.4,3.59663972556928,1.49816719007286,3,"Short (mean: 3.6, sd: 1.5)",0,Stable (0)
stable,short,200,Exponential,344,16,"",4000,1,0,0,3,1705,0.42625,2.6,Dynamical and censoring adjusted,"",,,,1.2,0.4,3.59663972556928,1.49816719007286,3,"Short (mean: 3.6, sd: 1.5)",0,Stable (0)
stable,short,200,Exponential,345,17,"",4000,1,0,0,3,1443,0.36075,2.6,Dynamical and censoring adjusted,"",,,,1.2,0.4,3.59663972556928,1.49816719007286,3,"Short (mean: 3.6, sd: 1.5)",0,Stable (0)
stable,short,200,Exponential,346,18,"",4000,1,0,0,3,1610,0.4025,2.6,Dynamical and censoring adjusted,"",,,,1.2,0.4,3.59663972556928,1.49816719007286,3,"Short (mean: 3.6, sd: 1.5)",0,Stable (0)
stable,short,200,Exponential,347,19,"",4000,1,0,0,3,1473,0.36825,2.6,Dynamical and censoring adjusted,"",,,,1.2,0.4,3.59663972556928,1.49816719007286,3,"Short (mean: 3.6, sd: 1.5)",0,Stable (0)
stable,short,200,Exponential,348,20,"",4000,1,8,0.002,3,1549,0.38725,2.5,Dynamical and censoring adjusted,"",,,,1.2,0.4,3.59663972556928,1.49816719007286,3,"Short (mean: 3.6, sd: 1.5)",0,Stable (0)
